sample_name,library,tag_sequence,primer_sequence_forward,primer_sequence_reverse,R1,R2,PlateID,sample_type,target_gene,replicate,eventDate,SAMPLING_cruise,SAMPLING_station_number,SAMPLING_bottle,SAMPLING_station,depth,decimalLatitude,decimalLongitude,SAMPLING_PI,SAMPLING_institute,SAMPLING_campaign,project_name,SAMPLING_platform,SAMPLING_platform_type,samp_collect_device,geo_loc_name,fluor,SAMPLING_rdepth,density,pressure,nitrate,chlorophyll,diss_oxygen,salinity,temp,samp_filter_ext_type,samp_filter_size_ext,env_broad_scale,env_local_scale,env_medium,ESP,SC,minimumDepthInMeters,maximumDepthInMeters,start_GMT,end_GMT,deployment_ID,date_PCR,DNA_concentration,PCR_settings,samp_vol_we_dna_ext,extraction_date,nucl_acid_ext,nucl_acid_amp,samp_store_temp,sop,pcr_primer_name_forward,pcr_primer_name_reverse,pcr_primer_reference,seq_meth,sequencing_facility,seqID,identificationRemarks,identificationReferences,FilterID,associatedSequences
14213c01_12_eDNA_1,S1,ACGAGACTGATT,GTACACACCGCCCGTC,TGATCCTTCTGCAGGTTCACCTAC,14213c01_12_edna_1_S1_L001_R1_001.fastq.gz,14213c01_12_edna_1_S1_L001_R2_001.fastq.gz,S,environmental,18S,1,5/22/13 15:47,14213,1.0,12.0,C1,0.0,36.7983,-121.8477,Francisco Chavez,MBARI,MBTS,,FULMAR,ship,CTD/SBE911 Rosette with Niskin bottle,USA:California:Monterey Bay,3.3526,1.99,25.6076,2.005,4.9226,17.391,6.3869,33.8537,12.4766,Poretics,0.22um,marine biome  (ENVO:00000447),coastal water (ENVO:00001250),waterborne particulate matter (ENVO:01000436),,,,,,,,20170124,unknown,standard EMP 18S V9,100ml,,dx.doi.org/10.17504/protocols.io.xjufknw,dx.doi.org/10.17504/protocols.io.n2vdge6,-80C,dx.doi.org/10.17504/protocols.io.xjufknw|dx.doi.org/10.17504/protocols.io.n2vdge6|https://github.com/MBARI-BOG/BOG-Banzai-Dada2-Pipeline,1391f,EukBr,"Amaral-Zettler LA, McCliment EA, Ducklow HW, Huse SM. A method for studying protistan diversity using massively parallel sequencing of V9 hypervariable regions of small-subunit ribosomal RNA genes. PloS one. 2009 Jul 27;4(7):e6372.",NGS Illumina Miseq,Stanford,14213c01_12_edna_1_S,Genbank nr Release 221 September 20 2017,"https://github.com/MBARI-BOG/BOG-Banzai-Dada2-Pipeline| Djurhuus A, Closek CJ, Kelly RP, Pitz KJ, Michisaki RP, Starks HA, Walz KR, Andruszkiewicz EA, Olesin E, Hubbard K, Montes E. Environmental DNA reveals seasonal shifts and potential interactions in a marine community. Nature communications. 2020 Jan 14;11(1):1-9.",14213c01_12_edna,NCBI BioProject accession number PRJNA433203
14213c01_12_eDNA_2,S2,GAATACCAAGTC,GTACACACCGCCCGTC,TGATCCTTCTGCAGGTTCACCTAC,14213c01_12_edna_2_S2_L001_R1_001.fastq.gz,14213c01_12_edna_2_S2_L001_R2_001.fastq.gz,S,environmental,18S,2,5/22/13 15:47,14213,1.0,12.0,C1,0.0,36.7983,-121.8477,Francisco Chavez,MBARI,MBTS,,FULMAR,ship,CTD/SBE911 Rosette with Niskin bottle,USA:California:Monterey Bay,3.3526,1.99,25.6076,2.005,4.9226,17.391,6.3869,33.8537,12.4766,Poretics,0.22um,marine biome  (ENVO:00000447),coastal water (ENVO:00001250),waterborne particulate matter (ENVO:01000436),,,,,,,,20170124,unknown,standard EMP 18S V9,100ml,,dx.doi.org/10.17504/protocols.io.xjufknw,dx.doi.org/10.17504/protocols.io.n2vdge6,-80C,dx.doi.org/10.17504/protocols.io.xjufknw|dx.doi.org/10.17504/protocols.io.n2vdge6|https://github.com/MBARI-BOG/BOG-Banzai-Dada2-Pipeline,1391f,EukBr,"Amaral-Zettler LA, McCliment EA, Ducklow HW, Huse SM. A method for studying protistan diversity using massively parallel sequencing of V9 hypervariable regions of small-subunit ribosomal RNA genes. PloS one. 2009 Jul 27;4(7):e6372.",NGS Illumina Miseq,Stanford,14213c01_12_edna_2_S,Genbank nr Release 221 September 20 2017,"https://github.com/MBARI-BOG/BOG-Banzai-Dada2-Pipeline| Djurhuus A, Closek CJ, Kelly RP, Pitz KJ, Michisaki RP, Starks HA, Walz KR, Andruszkiewicz EA, Olesin E, Hubbard K, Montes E. Environmental DNA reveals seasonal shifts and potential interactions in a marine community. Nature communications. 2020 Jan 14;11(1):1-9.",14213c01_12_edna,NCBI BioProject accession number PRJNA433203
14213c01_12_eDNA_3,S3,CGAGGGAAAGTC,GTACACACCGCCCGTC,TGATCCTTCTGCAGGTTCACCTAC,14213c01_12_edna_3_S3_L001_R1_001.fastq.gz,14213c01_12_edna_3_S3_L001_R2_001.fastq.gz,S,environmental,18S,3,5/22/13 15:47,14213,1.0,12.0,C1,0.0,36.7983,-121.8477,Francisco Chavez,MBARI,MBTS,,FULMAR,ship,CTD/SBE911 Rosette with Niskin bottle,USA:California:Monterey Bay,3.3526,1.99,25.6076,2.005,4.9226,17.391,6.3869,33.8537,12.4766,Poretics,0.22um,marine biome  (ENVO:00000447),coastal water (ENVO:00001250),waterborne particulate matter (ENVO:01000436),,,,,,,,20170124,unknown,standard EMP 18S V9,100ml,,dx.doi.org/10.17504/protocols.io.xjufknw,dx.doi.org/10.17504/protocols.io.n2vdge6,-80C,dx.doi.org/10.17504/protocols.io.xjufknw|dx.doi.org/10.17504/protocols.io.n2vdge6|https://github.com/MBARI-BOG/BOG-Banzai-Dada2-Pipeline,1391f,EukBr,"Amaral-Zettler LA, McCliment EA, Ducklow HW, Huse SM. A method for studying protistan diversity using massively parallel sequencing of V9 hypervariable regions of small-subunit ribosomal RNA genes. PloS one. 2009 Jul 27;4(7):e6372.",NGS Illumina Miseq,Stanford,14213c01_12_edna_3_S,Genbank nr Release 221 September 20 2017,"https://github.com/MBARI-BOG/BOG-Banzai-Dada2-Pipeline| Djurhuus A, Closek CJ, Kelly RP, Pitz KJ, Michisaki RP, Starks HA, Walz KR, Andruszkiewicz EA, Olesin E, Hubbard K, Montes E. Environmental DNA reveals seasonal shifts and potential interactions in a marine community. Nature communications. 2020 Jan 14;11(1):1-9.",14213c01_12_edna,NCBI BioProject accession number PRJNA433203
22013c01_12_eDNA_1,S4,GAACACTTTGGA,GTACACACCGCCCGTC,TGATCCTTCTGCAGGTTCACCTAC,22013c01_12_edna_1_S4_L001_R1_001.fastq.gz,22013c01_12_edna_1_S4_L001_R2_001.fastq.gz,S,environmental,18S,1,8/8/13 14:41,22013,1.0,12.0,C1,0.0,36.7962,-121.847,Francisco Chavez,MBARI,MBTS,,RACHEL CARSON,ship,CTD/SBE911 Rosette with Niskin bottle,USA:California:Monterey Bay,0.9249,0.947,25.2053,0.954,,8.3089,6.4955,33.7795,14.1847,Poretics,0.22um,marine biome  (ENVO:00000447),coastal water (ENVO:00001250),waterborne particulate matter (ENVO:01000436),,,,,,,,20170124,unknown,standard EMP 18S V9,100ml,,dx.doi.org/10.17504/protocols.io.xjufknw,dx.doi.org/10.17504/protocols.io.n2vdge6,-80C,dx.doi.org/10.17504/protocols.io.xjufknw|dx.doi.org/10.17504/protocols.io.n2vdge6|https://github.com/MBARI-BOG/BOG-Banzai-Dada2-Pipeline,1391f,EukBr,"Amaral-Zettler LA, McCliment EA, Ducklow HW, Huse SM. A method for studying protistan diversity using massively parallel sequencing of V9 hypervariable regions of small-subunit ribosomal RNA genes. PloS one. 2009 Jul 27;4(7):e6372.",NGS Illumina Miseq,Stanford,22013c01_12_edna_1_S,Genbank nr Release 221 September 20 2017,"https://github.com/MBARI-BOG/BOG-Banzai-Dada2-Pipeline| Djurhuus A, Closek CJ, Kelly RP, Pitz KJ, Michisaki RP, Starks HA, Walz KR, Andruszkiewicz EA, Olesin E, Hubbard K, Montes E. Environmental DNA reveals seasonal shifts and potential interactions in a marine community. Nature communications. 2020 Jan 14;11(1):1-9.",22013c01_12_edna,NCBI BioProject accession number PRJNA433203
22013c01_12_eDNA_2,S5,ACTCACAGGAAT,GTACACACCGCCCGTC,TGATCCTTCTGCAGGTTCACCTAC,22013c01_12_edna_2_S5_L001_R1_001.fastq.gz,22013c01_12_edna_2_S5_L001_R2_001.fastq.gz,S,environmental,18S,2,8/8/13 14:41,22013,1.0,12.0,C1,0.0,36.7962,-121.847,Francisco Chavez,MBARI,MBTS,,RACHEL CARSON,ship,CTD/SBE911 Rosette with Niskin bottle,USA:California:Monterey Bay,0.9249,0.947,25.2053,0.954,,8.3089,6.4955,33.7795,14.1847,Poretics,0.22um,marine biome  (ENVO:00000447),coastal water (ENVO:00001250),waterborne particulate matter (ENVO:01000436),,,,,,,,20170124,unknown,standard EMP 18S V9,100ml,,dx.doi.org/10.17504/protocols.io.xjufknw,dx.doi.org/10.17504/protocols.io.n2vdge6,-80C,dx.doi.org/10.17504/protocols.io.xjufknw|dx.doi.org/10.17504/protocols.io.n2vdge6|https://github.com/MBARI-BOG/BOG-Banzai-Dada2-Pipeline,1391f,EukBr,"Amaral-Zettler LA, McCliment EA, Ducklow HW, Huse SM. A method for studying protistan diversity using massively parallel sequencing of V9 hypervariable regions of small-subunit ribosomal RNA genes. PloS one. 2009 Jul 27;4(7):e6372.",NGS Illumina Miseq,Stanford,22013c01_12_edna_2_S,Genbank nr Release 221 September 20 2017,"https://github.com/MBARI-BOG/BOG-Banzai-Dada2-Pipeline| Djurhuus A, Closek CJ, Kelly RP, Pitz KJ, Michisaki RP, Starks HA, Walz KR, Andruszkiewicz EA, Olesin E, Hubbard K, Montes E. Environmental DNA reveals seasonal shifts and potential interactions in a marine community. Nature communications. 2020 Jan 14;11(1):1-9.",22013c01_12_edna,NCBI BioProject accession number PRJNA433203
22013c01_12_eDNA_3,S6,TCTCTACCACTC,GTACACACCGCCCGTC,TGATCCTTCTGCAGGTTCACCTAC,22013c01_12_edna_3_S6_L001_R1_001.fastq.gz,22013c01_12_edna_3_S6_L001_R2_001.fastq.gz,S,environmental,18S,3,8/8/13 14:41,22013,1.0,12.0,C1,0.0,36.7962,-121.847,Francisco Chavez,MBARI,MBTS,,RACHEL CARSON,ship,CTD/SBE911 Rosette with Niskin bottle,USA:California:Monterey Bay,0.9249,0.947,25.2053,0.954,,8.3089,6.4955,33.7795,14.1847,Poretics,0.22um,marine biome  (ENVO:00000447),coastal water (ENVO:00001250),waterborne particulate matter (ENVO:01000436),,,,,,,,20170124,unknown,standard EMP 18S V9,100ml,,dx.doi.org/10.17504/protocols.io.xjufknw,dx.doi.org/10.17504/protocols.io.n2vdge6,-80C,dx.doi.org/10.17504/protocols.io.xjufknw|dx.doi.org/10.17504/protocols.io.n2vdge6|https://github.com/MBARI-BOG/BOG-Banzai-Dada2-Pipeline,1391f,EukBr,"Amaral-Zettler LA, McCliment EA, Ducklow HW, Huse SM. A method for studying protistan diversity using massively parallel sequencing of V9 hypervariable regions of small-subunit ribosomal RNA genes. PloS one. 2009 Jul 27;4(7):e6372.",NGS Illumina Miseq,Stanford,22013c01_12_edna_3_S,Genbank nr Release 221 September 20 2017,"https://github.com/MBARI-BOG/BOG-Banzai-Dada2-Pipeline| Djurhuus A, Closek CJ, Kelly RP, Pitz KJ, Michisaki RP, Starks HA, Walz KR, Andruszkiewicz EA, Olesin E, Hubbard K, Montes E. Environmental DNA reveals seasonal shifts and potential interactions in a marine community. Nature communications. 2020 Jan 14;11(1):1-9.",22013c01_12_edna,NCBI BioProject accession number PRJNA433203
CN13Dc01_12_eDNA_1,S7,ATTCTGCCGAAG,GTACACACCGCCCGTC,TGATCCTTCTGCAGGTTCACCTAC,CN13Dc01_12_edna_1_S7_L001_R1_001.fastq.gz,CN13Dc01_12_edna_1_S7_L001_R2_001.fastq.gz,S,environmental,18S,1,10/7/13 17:31,CN13ID,1.0,12.0,C1,0.0,36.7962,-121.8498,Francisco Chavez,MBARI,MBTS,,WESTERN FLYER,ship,CTD/SBE911 Rosette with Niskin bottle,USA:California:Monterey Bay,0.9976,0.677,25.395,0.682,5.949,14.3895,6.1965,33.745,13.1291,Poretics,0.22um,marine biome  (ENVO:00000447),coastal water (ENVO:00001250),waterborne particulate matter (ENVO:01000436),,,,,,,,20170124,unknown,standard EMP 18S V9,100ml,,dx.doi.org/10.17504/protocols.io.xjufknw,dx.doi.org/10.17504/protocols.io.n2vdge6,-80C,dx.doi.org/10.17504/protocols.io.xjufknw|dx.doi.org/10.17504/protocols.io.n2vdge6|https://github.com/MBARI-BOG/BOG-Banzai-Dada2-Pipeline,1391f,EukBr,"Amaral-Zettler LA, McCliment EA, Ducklow HW, Huse SM. A method for studying protistan diversity using massively parallel sequencing of V9 hypervariable regions of small-subunit ribosomal RNA genes. PloS one. 2009 Jul 27;4(7):e6372.",NGS Illumina Miseq,Stanford,CN13Dc01_12_edna_1_S,Genbank nr Release 221 September 20 2017,"https://github.com/MBARI-BOG/BOG-Banzai-Dada2-Pipeline| Djurhuus A, Closek CJ, Kelly RP, Pitz KJ, Michisaki RP, Starks HA, Walz KR, Andruszkiewicz EA, Olesin E, Hubbard K, Montes E. Environmental DNA reveals seasonal shifts and potential interactions in a marine community. Nature communications. 2020 Jan 14;11(1):1-9.",CN13Dc01_12_edna,NCBI BioProject accession number PRJNA433203
CN13Dc01_12_eDNA_2,S8,CTCACAACCGTG,GTACACACCGCCCGTC,TGATCCTTCTGCAGGTTCACCTAC,CN13Dc01_12_edna_2_S8_L001_R1_001.fastq.gz,CN13Dc01_12_edna_2_S8_L001_R2_001.fastq.gz,S,environmental,18S,2,10/7/13 17:31,CN13ID,1.0,12.0,C1,0.0,36.7962,-121.8498,Francisco Chavez,MBARI,MBTS,,WESTERN FLYER,ship,CTD/SBE911 Rosette with Niskin bottle,USA:California:Monterey Bay,0.9976,0.677,25.395,0.682,5.949,14.3895,6.1965,33.745,13.1291,Poretics,0.22um,marine biome  (ENVO:00000447),coastal water (ENVO:00001250),waterborne particulate matter (ENVO:01000436),,,,,,,,20170124,unknown,standard EMP 18S V9,100ml,,dx.doi.org/10.17504/protocols.io.xjufknw,dx.doi.org/10.17504/protocols.io.n2vdge6,-80C,dx.doi.org/10.17504/protocols.io.xjufknw|dx.doi.org/10.17504/protocols.io.n2vdge6|https://github.com/MBARI-BOG/BOG-Banzai-Dada2-Pipeline,1391f,EukBr,"Amaral-Zettler LA, McCliment EA, Ducklow HW, Huse SM. A method for studying protistan diversity using massively parallel sequencing of V9 hypervariable regions of small-subunit ribosomal RNA genes. PloS one. 2009 Jul 27;4(7):e6372.",NGS Illumina Miseq,Stanford,CN13Dc01_12_edna_2_S,Genbank nr Release 221 September 20 2017,"https://github.com/MBARI-BOG/BOG-Banzai-Dada2-Pipeline| Djurhuus A, Closek CJ, Kelly RP, Pitz KJ, Michisaki RP, Starks HA, Walz KR, Andruszkiewicz EA, Olesin E, Hubbard K, Montes E. Environmental DNA reveals seasonal shifts and potential interactions in a marine community. Nature communications. 2020 Jan 14;11(1):1-9.",CN13Dc01_12_edna,NCBI BioProject accession number PRJNA433203
CN13Dc01_12_eDNA_3,S9,GCTGTACGGATT,GTACACACCGCCCGTC,TGATCCTTCTGCAGGTTCACCTAC,CN13Dc01_12_edna_3_S9_L001_R1_001.fastq.gz,CN13Dc01_12_edna_3_S9_L001_R2_001.fastq.gz,S,environmental,18S,3,10/7/13 17:31,CN13ID,1.0,12.0,C1,0.0,36.7962,-121.8498,Francisco Chavez,MBARI,MBTS,,WESTERN FLYER,ship,CTD/SBE911 Rosette with Niskin bottle,USA:California:Monterey Bay,0.9976,0.677,25.395,0.682,5.949,14.3895,6.1965,33.745,13.1291,Poretics,0.22um,marine biome  (ENVO:00000447),coastal water (ENVO:00001250),waterborne particulate matter (ENVO:01000436),,,,,,,,20170124,unknown,standard EMP 18S V9,100ml,,dx.doi.org/10.17504/protocols.io.xjufknw,dx.doi.org/10.17504/protocols.io.n2vdge6,-80C,dx.doi.org/10.17504/protocols.io.xjufknw|dx.doi.org/10.17504/protocols.io.n2vdge6|https://github.com/MBARI-BOG/BOG-Banzai-Dada2-Pipeline,1391f,EukBr,"Amaral-Zettler LA, McCliment EA, Ducklow HW, Huse SM. A method for studying protistan diversity using massively parallel sequencing of V9 hypervariable regions of small-subunit ribosomal RNA genes. PloS one. 2009 Jul 27;4(7):e6372.",NGS Illumina Miseq,Stanford,CN13Dc01_12_edna_3_S,Genbank nr Release 221 September 20 2017,"https://github.com/MBARI-BOG/BOG-Banzai-Dada2-Pipeline| Djurhuus A, Closek CJ, Kelly RP, Pitz KJ, Michisaki RP, Starks HA, Walz KR, Andruszkiewicz EA, Olesin E, Hubbard K, Montes E. Environmental DNA reveals seasonal shifts and potential interactions in a marine community. Nature communications. 2020 Jan 14;11(1):1-9.",CN13Dc01_12_edna,NCBI BioProject accession number PRJNA433203
05114c01_12_eDNA_1,S10,GTAGATCGTGTA,GTACACACCGCCCGTC,TGATCCTTCTGCAGGTTCACCTAC,05114c01_12_edna_1_S10_L001_R1_001.fastq.gz,05114c01_12_edna_1_S10_L001_R2_001.fastq.gz,S,environmental,18S,1,2/20/14 15:33,5114,1.0,12.0,C1,0.0,36.7958,-121.848,Francisco Chavez,MBARI,MBTS,,RACHEL CARSON,ship,CTD/SBE911 Rosette with Niskin bottle,USA:California:Monterey Bay,0.1225,1.454,25.25,1.464,3.823,3.3896,5.8884,33.4756,12.8183,Poretics,0.22um,marine biome  (ENVO:00000447),coastal water (ENVO:00001250),waterborne particulate matter (ENVO:01000436),,,,,,,,20170124,unknown,standard EMP 18S V9,100ml,,dx.doi.org/10.17504/protocols.io.xjufknw,dx.doi.org/10.17504/protocols.io.n2vdge6,-80C,dx.doi.org/10.17504/protocols.io.xjufknw|dx.doi.org/10.17504/protocols.io.n2vdge6|https://github.com/MBARI-BOG/BOG-Banzai-Dada2-Pipeline,1391f,EukBr,"Amaral-Zettler LA, McCliment EA, Ducklow HW, Huse SM. A method for studying protistan diversity using massively parallel sequencing of V9 hypervariable regions of small-subunit ribosomal RNA genes. PloS one. 2009 Jul 27;4(7):e6372.",NGS Illumina Miseq,Stanford,05114c01_12_edna_1_S,Genbank nr Release 221 September 20 2017,"https://github.com/MBARI-BOG/BOG-Banzai-Dada2-Pipeline| Djurhuus A, Closek CJ, Kelly RP, Pitz KJ, Michisaki RP, Starks HA, Walz KR, Andruszkiewicz EA, Olesin E, Hubbard K, Montes E. Environmental DNA reveals seasonal shifts and potential interactions in a marine community. Nature communications. 2020 Jan 14;11(1):1-9.",05114c01_12_edna,NCBI BioProject accession number PRJNA433203
05114c01_12_eDNA_2,S11,CAAATTCGGGAT,GTACACACCGCCCGTC,TGATCCTTCTGCAGGTTCACCTAC,05114c01_12_edna_2_S11_L001_R1_001.fastq.gz,05114c01_12_edna_2_S11_L001_R2_001.fastq.gz,S,environmental,18S,2,2/20/14 15:33,5114,1.0,12.0,C1,0.0,36.7958,-121.848,Francisco Chavez,MBARI,MBTS,,RACHEL CARSON,ship,CTD/SBE911 Rosette with Niskin bottle,USA:California:Monterey Bay,0.1225,1.454,25.25,1.464,3.823,3.3896,5.8884,33.4756,12.8183,Poretics,0.22um,marine biome  (ENVO:00000447),coastal water (ENVO:00001250),waterborne particulate matter (ENVO:01000436),,,,,,,,20170124,unknown,standard EMP 18S V9,100ml,,dx.doi.org/10.17504/protocols.io.xjufknw,dx.doi.org/10.17504/protocols.io.n2vdge6,-80C,dx.doi.org/10.17504/protocols.io.xjufknw|dx.doi.org/10.17504/protocols.io.n2vdge6|https://github.com/MBARI-BOG/BOG-Banzai-Dada2-Pipeline,1391f,EukBr,"Amaral-Zettler LA, McCliment EA, Ducklow HW, Huse SM. A method for studying protistan diversity using massively parallel sequencing of V9 hypervariable regions of small-subunit ribosomal RNA genes. PloS one. 2009 Jul 27;4(7):e6372.",NGS Illumina Miseq,Stanford,05114c01_12_edna_2_S,Genbank nr Release 221 September 20 2017,"https://github.com/MBARI-BOG/BOG-Banzai-Dada2-Pipeline| Djurhuus A, Closek CJ, Kelly RP, Pitz KJ, Michisaki RP, Starks HA, Walz KR, Andruszkiewicz EA, Olesin E, Hubbard K, Montes E. Environmental DNA reveals seasonal shifts and potential interactions in a marine community. Nature communications. 2020 Jan 14;11(1):1-9.",05114c01_12_edna,NCBI BioProject accession number PRJNA433203
05114c01_12_eDNA_3,S12,GAGCCATCTGTA,GTACACACCGCCCGTC,TGATCCTTCTGCAGGTTCACCTAC,05114c01_12_edna_3_S12_L001_R1_001.fastq.gz,05114c01_12_edna_3_S12_L001_R2_001.fastq.gz,S,environmental,18S,3,2/20/14 15:33,5114,1.0,12.0,C1,0.0,36.7958,-121.848,Francisco Chavez,MBARI,MBTS,,RACHEL CARSON,ship,CTD/SBE911 Rosette with Niskin bottle,USA:California:Monterey Bay,0.1225,1.454,25.25,1.464,3.823,3.3896,5.8884,33.4756,12.8183,Poretics,0.22um,marine biome  (ENVO:00000447),coastal water (ENVO:00001250),waterborne particulate matter (ENVO:01000436),,,,,,,,20170124,unknown,standard EMP 18S V9,100ml,,dx.doi.org/10.17504/protocols.io.xjufknw,dx.doi.org/10.17504/protocols.io.n2vdge6,-80C,dx.doi.org/10.17504/protocols.io.xjufknw|dx.doi.org/10.17504/protocols.io.n2vdge6|https://github.com/MBARI-BOG/BOG-Banzai-Dada2-Pipeline,1391f,EukBr,"Amaral-Zettler LA, McCliment EA, Ducklow HW, Huse SM. A method for studying protistan diversity using massively parallel sequencing of V9 hypervariable regions of small-subunit ribosomal RNA genes. PloS one. 2009 Jul 27;4(7):e6372.",NGS Illumina Miseq,Stanford,05114c01_12_edna_3_S,Genbank nr Release 221 September 20 2017,"https://github.com/MBARI-BOG/BOG-Banzai-Dada2-Pipeline| Djurhuus A, Closek CJ, Kelly RP, Pitz KJ, Michisaki RP, Starks HA, Walz KR, Andruszkiewicz EA, Olesin E, Hubbard K, Montes E. Environmental DNA reveals seasonal shifts and potential interactions in a marine community. Nature communications. 2020 Jan 14;11(1):1-9.",05114c01_12_edna,NCBI BioProject accession number PRJNA433203
14714c01_12_eDNA_1,S13,ATGATGAGCCTC,GTACACACCGCCCGTC,TGATCCTTCTGCAGGTTCACCTAC,14714c01_12_edna_1_S13_L001_R1_001.fastq.gz,14714c01_12_edna_1_S13_L001_R2_001.fastq.gz,S,environmental,18S,1,5/27/14 14:54,14714,1.0,12.0,C1,0.0,36.7968,-121.8488,Francisco Chavez,MBARI,MBTS,,RACHEL CARSON,ship,CTD/SBE911 Rosette with Niskin bottle,USA:California:Monterey Bay,0.6062,1.406,25.68,1.416,6.2606,19.2045,6.1836,33.7476,11.6571,Poretics,0.22um,marine biome  (ENVO:00000447),coastal water (ENVO:00001250),waterborne particulate matter (ENVO:01000436),,,,,,,,20170124,unknown,standard EMP 18S V9,100ml,,dx.doi.org/10.17504/protocols.io.xjufknw,dx.doi.org/10.17504/protocols.io.n2vdge6,-80C,dx.doi.org/10.17504/protocols.io.xjufknw|dx.doi.org/10.17504/protocols.io.n2vdge6|https://github.com/MBARI-BOG/BOG-Banzai-Dada2-Pipeline,1391f,EukBr,"Amaral-Zettler LA, McCliment EA, Ducklow HW, Huse SM. A method for studying protistan diversity using massively parallel sequencing of V9 hypervariable regions of small-subunit ribosomal RNA genes. PloS one. 2009 Jul 27;4(7):e6372.",NGS Illumina Miseq,Stanford,14714c01_12_edna_1_S,Genbank nr Release 221 September 20 2017,"https://github.com/MBARI-BOG/BOG-Banzai-Dada2-Pipeline| Djurhuus A, Closek CJ, Kelly RP, Pitz KJ, Michisaki RP, Starks HA, Walz KR, Andruszkiewicz EA, Olesin E, Hubbard K, Montes E. Environmental DNA reveals seasonal shifts and potential interactions in a marine community. Nature communications. 2020 Jan 14;11(1):1-9.",14714c01_12_edna,NCBI BioProject accession number PRJNA433203
14714c01_12_eDNA_2,S14,ACTTCCAACTTC,GTACACACCGCCCGTC,TGATCCTTCTGCAGGTTCACCTAC,14714c01_12_edna_2_S14_L001_R1_001.fastq.gz,14714c01_12_edna_2_S14_L001_R2_001.fastq.gz,S,environmental,18S,2,5/27/14 14:54,14714,1.0,12.0,C1,0.0,36.7968,-121.8488,Francisco Chavez,MBARI,MBTS,,RACHEL CARSON,ship,CTD/SBE911 Rosette with Niskin bottle,USA:California:Monterey Bay,0.6062,1.406,25.68,1.416,6.2606,19.2045,6.1836,33.7476,11.6571,Poretics,0.22um,marine biome  (ENVO:00000447),coastal water (ENVO:00001250),waterborne particulate matter (ENVO:01000436),,,,,,,,20170124,unknown,standard EMP 18S V9,100ml,,dx.doi.org/10.17504/protocols.io.xjufknw,dx.doi.org/10.17504/protocols.io.n2vdge6,-80C,dx.doi.org/10.17504/protocols.io.xjufknw|dx.doi.org/10.17504/protocols.io.n2vdge6|https://github.com/MBARI-BOG/BOG-Banzai-Dada2-Pipeline,1391f,EukBr,"Amaral-Zettler LA, McCliment EA, Ducklow HW, Huse SM. A method for studying protistan diversity using massively parallel sequencing of V9 hypervariable regions of small-subunit ribosomal RNA genes. PloS one. 2009 Jul 27;4(7):e6372.",NGS Illumina Miseq,Stanford,14714c01_12_edna_2_S,Genbank nr Release 221 September 20 2017,"https://github.com/MBARI-BOG/BOG-Banzai-Dada2-Pipeline| Djurhuus A, Closek CJ, Kelly RP, Pitz KJ, Michisaki RP, Starks HA, Walz KR, Andruszkiewicz EA, Olesin E, Hubbard K, Montes E. Environmental DNA reveals seasonal shifts and potential interactions in a marine community. Nature communications. 2020 Jan 14;11(1):1-9.",14714c01_12_edna,NCBI BioProject accession number PRJNA433203
14714c01_12_eDNA_3,S15,AGCATGTCCCGT,GTACACACCGCCCGTC,TGATCCTTCTGCAGGTTCACCTAC,14714c01_12_edna_3_S15_L001_R1_001.fastq.gz,14714c01_12_edna_3_S15_L001_R2_001.fastq.gz,S,environmental,18S,3,5/27/14 14:54,14714,1.0,12.0,C1,0.0,36.7968,-121.8488,Francisco Chavez,MBARI,MBTS,,RACHEL CARSON,ship,CTD/SBE911 Rosette with Niskin bottle,USA:California:Monterey Bay,0.6062,1.406,25.68,1.416,6.2606,19.2045,6.1836,33.7476,11.6571,Poretics,0.22um,marine biome  (ENVO:00000447),coastal water (ENVO:00001250),waterborne particulate matter (ENVO:01000436),,,,,,,,20170124,unknown,standard EMP 18S V9,100ml,,dx.doi.org/10.17504/protocols.io.xjufknw,dx.doi.org/10.17504/protocols.io.n2vdge6,-80C,dx.doi.org/10.17504/protocols.io.xjufknw|dx.doi.org/10.17504/protocols.io.n2vdge6|https://github.com/MBARI-BOG/BOG-Banzai-Dada2-Pipeline,1391f,EukBr,"Amaral-Zettler LA, McCliment EA, Ducklow HW, Huse SM. A method for studying protistan diversity using massively parallel sequencing of V9 hypervariable regions of small-subunit ribosomal RNA genes. PloS one. 2009 Jul 27;4(7):e6372.",NGS Illumina Miseq,Stanford,14714c01_12_edna_3_S,Genbank nr Release 221 September 20 2017,"https://github.com/MBARI-BOG/BOG-Banzai-Dada2-Pipeline| Djurhuus A, Closek CJ, Kelly RP, Pitz KJ, Michisaki RP, Starks HA, Walz KR, Andruszkiewicz EA, Olesin E, Hubbard K, Montes E. Environmental DNA reveals seasonal shifts and potential interactions in a marine community. Nature communications. 2020 Jan 14;11(1):1-9.",14714c01_12_edna,NCBI BioProject accession number PRJNA433203
19114c01_12_eDNA_1,S16,CTGCTATTCCTC,GTACACACCGCCCGTC,TGATCCTTCTGCAGGTTCACCTAC,19114c01_12_edna_1_S16_L001_R1_001.fastq.gz,19114c01_12_edna_1_S16_L001_R2_001.fastq.gz,S,environmental,18S,1,7/10/14 14:43,19114,1.0,12.0,C1,0.0,36.7978,-121.8447,Francisco Chavez,MBARI,MBTS,,RACHEL CARSON,ship,CTD/SBE911 Rosette with Niskin bottle,USA:California:Monterey Bay,0.3016,1.072,25.24,1.08,0.1663,7.947,6.6074,33.6587,13.5638,Poretics,0.22um,marine biome  (ENVO:00000447),coastal water (ENVO:00001250),waterborne particulate matter (ENVO:01000436),,,,,,,,20170124,unknown,standard EMP 18S V9,100ml,,dx.doi.org/10.17504/protocols.io.xjufknw,dx.doi.org/10.17504/protocols.io.n2vdge6,-80C,dx.doi.org/10.17504/protocols.io.xjufknw|dx.doi.org/10.17504/protocols.io.n2vdge6|https://github.com/MBARI-BOG/BOG-Banzai-Dada2-Pipeline,1391f,EukBr,"Amaral-Zettler LA, McCliment EA, Ducklow HW, Huse SM. A method for studying protistan diversity using massively parallel sequencing of V9 hypervariable regions of small-subunit ribosomal RNA genes. PloS one. 2009 Jul 27;4(7):e6372.",NGS Illumina Miseq,Stanford,19114c01_12_edna_1_S,Genbank nr Release 221 September 20 2017,"https://github.com/MBARI-BOG/BOG-Banzai-Dada2-Pipeline| Djurhuus A, Closek CJ, Kelly RP, Pitz KJ, Michisaki RP, Starks HA, Walz KR, Andruszkiewicz EA, Olesin E, Hubbard K, Montes E. Environmental DNA reveals seasonal shifts and potential interactions in a marine community. Nature communications. 2020 Jan 14;11(1):1-9.",19114c01_12_edna,NCBI BioProject accession number PRJNA433203
19114c01_12_eDNA_2,S17,ATCACCAGGTGT,GTACACACCGCCCGTC,TGATCCTTCTGCAGGTTCACCTAC,19114c01_12_edna_2_S17_L001_R1_001.fastq.gz,19114c01_12_edna_2_S17_L001_R2_001.fastq.gz,S,environmental,18S,2,7/10/14 14:43,19114,1.0,12.0,C1,0.0,36.7978,-121.8447,Francisco Chavez,MBARI,MBTS,,RACHEL CARSON,ship,CTD/SBE911 Rosette with Niskin bottle,USA:California:Monterey Bay,0.3016,1.072,25.24,1.08,0.1663,7.947,6.6074,33.6587,13.5638,Poretics,0.22um,marine biome  (ENVO:00000447),coastal water (ENVO:00001250),waterborne particulate matter (ENVO:01000436),,,,,,,,20170124,unknown,standard EMP 18S V9,100ml,,dx.doi.org/10.17504/protocols.io.xjufknw,dx.doi.org/10.17504/protocols.io.n2vdge6,-80C,dx.doi.org/10.17504/protocols.io.xjufknw|dx.doi.org/10.17504/protocols.io.n2vdge6|https://github.com/MBARI-BOG/BOG-Banzai-Dada2-Pipeline,1391f,EukBr,"Amaral-Zettler LA, McCliment EA, Ducklow HW, Huse SM. A method for studying protistan diversity using massively parallel sequencing of V9 hypervariable regions of small-subunit ribosomal RNA genes. PloS one. 2009 Jul 27;4(7):e6372.",NGS Illumina Miseq,Stanford,19114c01_12_edna_2_S,Genbank nr Release 221 September 20 2017,"https://github.com/MBARI-BOG/BOG-Banzai-Dada2-Pipeline| Djurhuus A, Closek CJ, Kelly RP, Pitz KJ, Michisaki RP, Starks HA, Walz KR, Andruszkiewicz EA, Olesin E, Hubbard K, Montes E. Environmental DNA reveals seasonal shifts and potential interactions in a marine community. Nature communications. 2020 Jan 14;11(1):1-9.",19114c01_12_edna,NCBI BioProject accession number PRJNA433203
19114c01_12_eDNA_3,S18,TAACGTGTGTGC,GTACACACCGCCCGTC,TGATCCTTCTGCAGGTTCACCTAC,19114c01_12_edna_3_S18_L001_R1_001.fastq.gz,19114c01_12_edna_3_S18_L001_R2_001.fastq.gz,S,environmental,18S,3,7/10/14 14:43,19114,1.0,12.0,C1,0.0,36.7978,-121.8447,Francisco Chavez,MBARI,MBTS,,RACHEL CARSON,ship,CTD/SBE911 Rosette with Niskin bottle,USA:California:Monterey Bay,0.3016,1.072,25.24,1.08,0.1663,7.947,6.6074,33.6587,13.5638,Poretics,0.22um,marine biome  (ENVO:00000447),coastal water (ENVO:00001250),waterborne particulate matter (ENVO:01000436),,,,,,,,20170124,unknown,standard EMP 18S V9,100ml,,dx.doi.org/10.17504/protocols.io.xjufknw,dx.doi.org/10.17504/protocols.io.n2vdge6,-80C,dx.doi.org/10.17504/protocols.io.xjufknw|dx.doi.org/10.17504/protocols.io.n2vdge6|https://github.com/MBARI-BOG/BOG-Banzai-Dada2-Pipeline,1391f,EukBr,"Amaral-Zettler LA, McCliment EA, Ducklow HW, Huse SM. A method for studying protistan diversity using massively parallel sequencing of V9 hypervariable regions of small-subunit ribosomal RNA genes. PloS one. 2009 Jul 27;4(7):e6372.",NGS Illumina Miseq,Stanford,19114c01_12_edna_3_S,Genbank nr Release 221 September 20 2017,"https://github.com/MBARI-BOG/BOG-Banzai-Dada2-Pipeline| Djurhuus A, Closek CJ, Kelly RP, Pitz KJ, Michisaki RP, Starks HA, Walz KR, Andruszkiewicz EA, Olesin E, Hubbard K, Montes E. Environmental DNA reveals seasonal shifts and potential interactions in a marine community. Nature communications. 2020 Jan 14;11(1):1-9.",19114c01_12_edna,NCBI BioProject accession number PRJNA433203
30214c01_12_eDNA_1,S19,AGATTGACCAAC,GTACACACCGCCCGTC,TGATCCTTCTGCAGGTTCACCTAC,30214c01_12_edna_1_S19_L001_R1_001.fastq.gz,30214c01_12_edna_1_S19_L001_R2_001.fastq.gz,S,environmental,18S,1,10/29/14 14:49,30214,1.0,12.0,C1,0.0,36.7962,-121.8483,Francisco Chavez,MBARI,MBTS,,RACHEL CARSON,ship,CTD/SBE911 Rosette with Niskin bottle,USA:California:Monterey Bay,0.0961,1.187,24.3973,1.196,0.3075,1.8862,5.634,33.3852,16.4754,Poretics,0.22um,marine biome  (ENVO:00000447),coastal water (ENVO:00001250),waterborne particulate matter (ENVO:01000436),,,,,,,,20170124,unknown,standard EMP 18S V9,100ml,,dx.doi.org/10.17504/protocols.io.xjufknw,dx.doi.org/10.17504/protocols.io.n2vdge6,-80C,dx.doi.org/10.17504/protocols.io.xjufknw|dx.doi.org/10.17504/protocols.io.n2vdge6|https://github.com/MBARI-BOG/BOG-Banzai-Dada2-Pipeline,1391f,EukBr,"Amaral-Zettler LA, McCliment EA, Ducklow HW, Huse SM. A method for studying protistan diversity using massively parallel sequencing of V9 hypervariable regions of small-subunit ribosomal RNA genes. PloS one. 2009 Jul 27;4(7):e6372.",NGS Illumina Miseq,Stanford,30214c01_12_edna_1_S,Genbank nr Release 221 September 20 2017,"https://github.com/MBARI-BOG/BOG-Banzai-Dada2-Pipeline| Djurhuus A, Closek CJ, Kelly RP, Pitz KJ, Michisaki RP, Starks HA, Walz KR, Andruszkiewicz EA, Olesin E, Hubbard K, Montes E. Environmental DNA reveals seasonal shifts and potential interactions in a marine community. Nature communications. 2020 Jan 14;11(1):1-9.",30214c01_12_edna,NCBI BioProject accession number PRJNA433203
30214c01_12_eDNA_2,S20,TTGGGTACACGT,GTACACACCGCCCGTC,TGATCCTTCTGCAGGTTCACCTAC,30214c01_12_edna_2_S20_L001_R1_001.fastq.gz,30214c01_12_edna_2_S20_L001_R2_001.fastq.gz,S,environmental,18S,2,10/29/14 14:49,30214,1.0,12.0,C1,0.0,36.7962,-121.8483,Francisco Chavez,MBARI,MBTS,,RACHEL CARSON,ship,CTD/SBE911 Rosette with Niskin bottle,USA:California:Monterey Bay,0.0961,1.187,24.3973,1.196,0.3075,1.8862,5.634,33.3852,16.4754,Poretics,0.22um,marine biome  (ENVO:00000447),coastal water (ENVO:00001250),waterborne particulate matter (ENVO:01000436),,,,,,,,20170124,unknown,standard EMP 18S V9,100ml,,dx.doi.org/10.17504/protocols.io.xjufknw,dx.doi.org/10.17504/protocols.io.n2vdge6,-80C,dx.doi.org/10.17504/protocols.io.xjufknw|dx.doi.org/10.17504/protocols.io.n2vdge6|https://github.com/MBARI-BOG/BOG-Banzai-Dada2-Pipeline,1391f,EukBr,"Amaral-Zettler LA, McCliment EA, Ducklow HW, Huse SM. A method for studying protistan diversity using massively parallel sequencing of V9 hypervariable regions of small-subunit ribosomal RNA genes. PloS one. 2009 Jul 27;4(7):e6372.",NGS Illumina Miseq,Stanford,30214c01_12_edna_2_S,Genbank nr Release 221 September 20 2017,"https://github.com/MBARI-BOG/BOG-Banzai-Dada2-Pipeline| Djurhuus A, Closek CJ, Kelly RP, Pitz KJ, Michisaki RP, Starks HA, Walz KR, Andruszkiewicz EA, Olesin E, Hubbard K, Montes E. Environmental DNA reveals seasonal shifts and potential interactions in a marine community. Nature communications. 2020 Jan 14;11(1):1-9.",30214c01_12_edna,NCBI BioProject accession number PRJNA433203
30214c01_12_eDNA_3,S21,GTCGACAGAGGA,GTACACACCGCCCGTC,TGATCCTTCTGCAGGTTCACCTAC,30214c01_12_edna_3_S21_L001_R1_001.fastq.gz,30214c01_12_edna_3_S21_L001_R2_001.fastq.gz,S,environmental,18S,3,10/29/14 14:49,30214,1.0,12.0,C1,0.0,36.7962,-121.8483,Francisco Chavez,MBARI,MBTS,,RACHEL CARSON,ship,CTD/SBE911 Rosette with Niskin bottle,USA:California:Monterey Bay,0.0961,1.187,24.3973,1.196,0.3075,1.8862,5.634,33.3852,16.4754,Poretics,0.22um,marine biome  (ENVO:00000447),coastal water (ENVO:00001250),waterborne particulate matter (ENVO:01000436),,,,,,,,20170124,unknown,standard EMP 18S V9,100ml,,dx.doi.org/10.17504/protocols.io.xjufknw,dx.doi.org/10.17504/protocols.io.n2vdge6,-80C,dx.doi.org/10.17504/protocols.io.xjufknw|dx.doi.org/10.17504/protocols.io.n2vdge6|https://github.com/MBARI-BOG/BOG-Banzai-Dada2-Pipeline,1391f,EukBr,"Amaral-Zettler LA, McCliment EA, Ducklow HW, Huse SM. A method for studying protistan diversity using massively parallel sequencing of V9 hypervariable regions of small-subunit ribosomal RNA genes. PloS one. 2009 Jul 27;4(7):e6372.",NGS Illumina Miseq,Stanford,30214c01_12_edna_3_S,Genbank nr Release 221 September 20 2017,"https://github.com/MBARI-BOG/BOG-Banzai-Dada2-Pipeline| Djurhuus A, Closek CJ, Kelly RP, Pitz KJ, Michisaki RP, Starks HA, Walz KR, Andruszkiewicz EA, Olesin E, Hubbard K, Montes E. Environmental DNA reveals seasonal shifts and potential interactions in a marine community. Nature communications. 2020 Jan 14;11(1):1-9.",30214c01_12_edna,NCBI BioProject accession number PRJNA433203
32414c01_12_eDNA_1,S22,CTCACCTAGGAA,GTACACACCGCCCGTC,TGATCCTTCTGCAGGTTCACCTAC,32414c01_12_edna_1_S22_L001_R1_001.fastq.gz,32414c01_12_edna_1_S22_L001_R2_001.fastq.gz,S,environmental,18S,1,11/20/14 16:21,32414,1.0,12.0,C1,0.0,36.7955,-121.847,Francisco Chavez,MBARI,MBTS,,RACHEL CARSON,ship,CTD/SBE911 Rosette with Niskin bottle,USA:California:Monterey Bay,0.0918,1.177,24.61,1.186,0.1415,1.4392,5.7111,33.2899,15.2048,Poretics,0.22um,marine biome  (ENVO:00000447),coastal water (ENVO:00001250),waterborne particulate matter (ENVO:01000436),,,,,,,,20170124,unknown,standard EMP 18S V9,100ml,,dx.doi.org/10.17504/protocols.io.xjufknw,dx.doi.org/10.17504/protocols.io.n2vdge6,-80C,dx.doi.org/10.17504/protocols.io.xjufknw|dx.doi.org/10.17504/protocols.io.n2vdge6|https://github.com/MBARI-BOG/BOG-Banzai-Dada2-Pipeline,1391f,EukBr,"Amaral-Zettler LA, McCliment EA, Ducklow HW, Huse SM. A method for studying protistan diversity using massively parallel sequencing of V9 hypervariable regions of small-subunit ribosomal RNA genes. PloS one. 2009 Jul 27;4(7):e6372.",NGS Illumina Miseq,Stanford,32414c01_12_edna_1_S,Genbank nr Release 221 September 20 2017,"https://github.com/MBARI-BOG/BOG-Banzai-Dada2-Pipeline| Djurhuus A, Closek CJ, Kelly RP, Pitz KJ, Michisaki RP, Starks HA, Walz KR, Andruszkiewicz EA, Olesin E, Hubbard K, Montes E. Environmental DNA reveals seasonal shifts and potential interactions in a marine community. Nature communications. 2020 Jan 14;11(1):1-9.",32414c01_12_edna,NCBI BioProject accession number PRJNA433203
32414c01_12_eDNA_2,S23,GTACGATATGAC,GTACACACCGCCCGTC,TGATCCTTCTGCAGGTTCACCTAC,32414c01_12_edna_2_S23_L001_R1_001.fastq.gz,32414c01_12_edna_2_S23_L001_R2_001.fastq.gz,S,environmental,18S,2,11/20/14 16:21,32414,1.0,12.0,C1,0.0,36.7955,-121.847,Francisco Chavez,MBARI,MBTS,,RACHEL CARSON,ship,CTD/SBE911 Rosette with Niskin bottle,USA:California:Monterey Bay,0.0918,1.177,24.61,1.186,0.1415,1.4392,5.7111,33.2899,15.2048,Poretics,0.22um,marine biome  (ENVO:00000447),coastal water (ENVO:00001250),waterborne particulate matter (ENVO:01000436),,,,,,,,20170124,unknown,standard EMP 18S V9,100ml,,dx.doi.org/10.17504/protocols.io.xjufknw,dx.doi.org/10.17504/protocols.io.n2vdge6,-80C,dx.doi.org/10.17504/protocols.io.xjufknw|dx.doi.org/10.17504/protocols.io.n2vdge6|https://github.com/MBARI-BOG/BOG-Banzai-Dada2-Pipeline,1391f,EukBr,"Amaral-Zettler LA, McCliment EA, Ducklow HW, Huse SM. A method for studying protistan diversity using massively parallel sequencing of V9 hypervariable regions of small-subunit ribosomal RNA genes. PloS one. 2009 Jul 27;4(7):e6372.",NGS Illumina Miseq,Stanford,32414c01_12_edna_2_S,Genbank nr Release 221 September 20 2017,"https://github.com/MBARI-BOG/BOG-Banzai-Dada2-Pipeline| Djurhuus A, Closek CJ, Kelly RP, Pitz KJ, Michisaki RP, Starks HA, Walz KR, Andruszkiewicz EA, Olesin E, Hubbard K, Montes E. Environmental DNA reveals seasonal shifts and potential interactions in a marine community. Nature communications. 2020 Jan 14;11(1):1-9.",32414c01_12_edna,NCBI BioProject accession number PRJNA433203
32414c01_12_eDNA_3,S24,ATGTCACCGCTG,GTACACACCGCCCGTC,TGATCCTTCTGCAGGTTCACCTAC,32414c01_12_edna_3_S24_L001_R1_001.fastq.gz,32414c01_12_edna_3_S24_L001_R2_001.fastq.gz,S,environmental,18S,3,11/20/14 16:21,32414,1.0,12.0,C1,0.0,36.7955,-121.847,Francisco Chavez,MBARI,MBTS,,RACHEL CARSON,ship,CTD/SBE911 Rosette with Niskin bottle,USA:California:Monterey Bay,0.0918,1.177,24.61,1.186,0.1415,1.4392,5.7111,33.2899,15.2048,Poretics,0.22um,marine biome  (ENVO:00000447),coastal water (ENVO:00001250),waterborne particulate matter (ENVO:01000436),,,,,,,,20170124,unknown,standard EMP 18S V9,100ml,,dx.doi.org/10.17504/protocols.io.xjufknw,dx.doi.org/10.17504/protocols.io.n2vdge6,-80C,dx.doi.org/10.17504/protocols.io.xjufknw|dx.doi.org/10.17504/protocols.io.n2vdge6|https://github.com/MBARI-BOG/BOG-Banzai-Dada2-Pipeline,1391f,EukBr,"Amaral-Zettler LA, McCliment EA, Ducklow HW, Huse SM. A method for studying protistan diversity using massively parallel sequencing of V9 hypervariable regions of small-subunit ribosomal RNA genes. PloS one. 2009 Jul 27;4(7):e6372.",NGS Illumina Miseq,Stanford,32414c01_12_edna_3_S,Genbank nr Release 221 September 20 2017,"https://github.com/MBARI-BOG/BOG-Banzai-Dada2-Pipeline| Djurhuus A, Closek CJ, Kelly RP, Pitz KJ, Michisaki RP, Starks HA, Walz KR, Andruszkiewicz EA, Olesin E, Hubbard K, Montes E. Environmental DNA reveals seasonal shifts and potential interactions in a marine community. Nature communications. 2020 Jan 14;11(1):1-9.",32414c01_12_edna,NCBI BioProject accession number PRJNA433203
12015c01_12_eDNA_1,S25,TGGTCAACGATA,GTACACACCGCCCGTC,TGATCCTTCTGCAGGTTCACCTAC,12015c01_12_edna_1_S25_L001_R1_001.fastq.gz,12015c01_12_edna_1_S25_L001_R2_001.fastq.gz,S,environmental,18S,1,4/30/15 14:47,12015,1.0,12.0,C1,0.0,36.7975,-121.846,Francisco Chavez,MBARI,MBTS,,RACHEL CARSON,ship,CTD/SBE911 Rosette with Niskin bottle,USA:California:Monterey Bay,0.7707,0.477,25.5856,0.481,3.899,11.1295,6.2884,33.6071,11.5828,Poretics,0.22um,marine biome  (ENVO:00000447),coastal water (ENVO:00001250),waterborne particulate matter (ENVO:01000436),,,,,,,,20170124,unknown,standard EMP 18S V9,1000ml,,dx.doi.org/10.17504/protocols.io.xjufknw,dx.doi.org/10.17504/protocols.io.n2vdge6,-80C,dx.doi.org/10.17504/protocols.io.xjufknw|dx.doi.org/10.17504/protocols.io.n2vdge6|https://github.com/MBARI-BOG/BOG-Banzai-Dada2-Pipeline,1391f,EukBr,"Amaral-Zettler LA, McCliment EA, Ducklow HW, Huse SM. A method for studying protistan diversity using massively parallel sequencing of V9 hypervariable regions of small-subunit ribosomal RNA genes. PloS one. 2009 Jul 27;4(7):e6372.",NGS Illumina Miseq,Stanford,12015c01_12_edna_1_S,Genbank nr Release 221 September 20 2017,"https://github.com/MBARI-BOG/BOG-Banzai-Dada2-Pipeline| Djurhuus A, Closek CJ, Kelly RP, Pitz KJ, Michisaki RP, Starks HA, Walz KR, Andruszkiewicz EA, Olesin E, Hubbard K, Montes E. Environmental DNA reveals seasonal shifts and potential interactions in a marine community. Nature communications. 2020 Jan 14;11(1):1-9.",12015c01_12_edna,NCBI BioProject accession number PRJNA433203
12015c01_12_eDNA_2,S26,CATTATGGCGTG,GTACACACCGCCCGTC,TGATCCTTCTGCAGGTTCACCTAC,12015c01_12_edna_2_S26_L001_R1_001.fastq.gz,12015c01_12_edna_2_S26_L001_R2_001.fastq.gz,S,environmental,18S,2,4/30/15 14:47,12015,1.0,12.0,C1,0.0,36.7975,-121.846,Francisco Chavez,MBARI,MBTS,,RACHEL CARSON,ship,CTD/SBE911 Rosette with Niskin bottle,USA:California:Monterey Bay,0.7707,0.477,25.5856,0.481,3.899,11.1295,6.2884,33.6071,11.5828,Poretics,0.22um,marine biome  (ENVO:00000447),coastal water (ENVO:00001250),waterborne particulate matter (ENVO:01000436),,,,,,,,20170124,unknown,standard EMP 18S V9,1000ml,,dx.doi.org/10.17504/protocols.io.xjufknw,dx.doi.org/10.17504/protocols.io.n2vdge6,-80C,dx.doi.org/10.17504/protocols.io.xjufknw|dx.doi.org/10.17504/protocols.io.n2vdge6|https://github.com/MBARI-BOG/BOG-Banzai-Dada2-Pipeline,1391f,EukBr,"Amaral-Zettler LA, McCliment EA, Ducklow HW, Huse SM. A method for studying protistan diversity using massively parallel sequencing of V9 hypervariable regions of small-subunit ribosomal RNA genes. PloS one. 2009 Jul 27;4(7):e6372.",NGS Illumina Miseq,Stanford,12015c01_12_edna_2_S,Genbank nr Release 221 September 20 2017,"https://github.com/MBARI-BOG/BOG-Banzai-Dada2-Pipeline| Djurhuus A, Closek CJ, Kelly RP, Pitz KJ, Michisaki RP, Starks HA, Walz KR, Andruszkiewicz EA, Olesin E, Hubbard K, Montes E. Environmental DNA reveals seasonal shifts and potential interactions in a marine community. Nature communications. 2020 Jan 14;11(1):1-9.",12015c01_12_edna,NCBI BioProject accession number PRJNA433203
12015c01_12_eDNA_3,S27,AGTTACGAGCTA,GTACACACCGCCCGTC,TGATCCTTCTGCAGGTTCACCTAC,12015c01_12_edna_3_S27_L001_R1_001.fastq.gz,12015c01_12_edna_3_S27_L001_R2_001.fastq.gz,S,environmental,18S,3,4/30/15 14:47,12015,1.0,12.0,C1,0.0,36.7975,-121.846,Francisco Chavez,MBARI,MBTS,,RACHEL CARSON,ship,CTD/SBE911 Rosette with Niskin bottle,USA:California:Monterey Bay,0.7707,0.477,25.5856,0.481,3.899,11.1295,6.2884,33.6071,11.5828,Poretics,0.22um,marine biome  (ENVO:00000447),coastal water (ENVO:00001250),waterborne particulate matter (ENVO:01000436),,,,,,,,20170124,unknown,standard EMP 18S V9,1000ml,,dx.doi.org/10.17504/protocols.io.xjufknw,dx.doi.org/10.17504/protocols.io.n2vdge6,-80C,dx.doi.org/10.17504/protocols.io.xjufknw|dx.doi.org/10.17504/protocols.io.n2vdge6|https://github.com/MBARI-BOG/BOG-Banzai-Dada2-Pipeline,1391f,EukBr,"Amaral-Zettler LA, McCliment EA, Ducklow HW, Huse SM. A method for studying protistan diversity using massively parallel sequencing of V9 hypervariable regions of small-subunit ribosomal RNA genes. PloS one. 2009 Jul 27;4(7):e6372.",NGS Illumina Miseq,Stanford,12015c01_12_edna_3_S,Genbank nr Release 221 September 20 2017,"https://github.com/MBARI-BOG/BOG-Banzai-Dada2-Pipeline| Djurhuus A, Closek CJ, Kelly RP, Pitz KJ, Michisaki RP, Starks HA, Walz KR, Andruszkiewicz EA, Olesin E, Hubbard K, Montes E. Environmental DNA reveals seasonal shifts and potential interactions in a marine community. Nature communications. 2020 Jan 14;11(1):1-9.",12015c01_12_edna,NCBI BioProject accession number PRJNA433203
18815c01_12_eDNA_1,S28,AAGGCGCTCCTT,GTACACACCGCCCGTC,TGATCCTTCTGCAGGTTCACCTAC,18815c01_12_edna_1_S28_L001_R1_001.fastq.gz,18815c01_12_edna_1_S28_L001_R2_001.fastq.gz,S,environmental,18S,1,7/7/15 14:59,18815,1.0,12.0,C1,0.0,36.7948,-121.8478,Francisco Chavez,MBARI,MBTS,,RACHEL CARSON,ship,CTD/SBE911 Rosette with Niskin bottle,USA:California:Monterey Bay,0.0877,1.789,24.6734,1.803,0.632,3.5881,6.7206,33.4519,15.4837,Poretics,0.22um,marine biome  (ENVO:00000447),coastal water (ENVO:00001250),waterborne particulate matter (ENVO:01000436),,,,,,,,20170124,unknown,standard EMP 18S V9,1000ml,,dx.doi.org/10.17504/protocols.io.xjufknw,dx.doi.org/10.17504/protocols.io.n2vdge6,-80C,dx.doi.org/10.17504/protocols.io.xjufknw|dx.doi.org/10.17504/protocols.io.n2vdge6|https://github.com/MBARI-BOG/BOG-Banzai-Dada2-Pipeline,1391f,EukBr,"Amaral-Zettler LA, McCliment EA, Ducklow HW, Huse SM. A method for studying protistan diversity using massively parallel sequencing of V9 hypervariable regions of small-subunit ribosomal RNA genes. PloS one. 2009 Jul 27;4(7):e6372.",NGS Illumina Miseq,Stanford,18815c01_12_edna_1_S,Genbank nr Release 221 September 20 2017,"https://github.com/MBARI-BOG/BOG-Banzai-Dada2-Pipeline| Djurhuus A, Closek CJ, Kelly RP, Pitz KJ, Michisaki RP, Starks HA, Walz KR, Andruszkiewicz EA, Olesin E, Hubbard K, Montes E. Environmental DNA reveals seasonal shifts and potential interactions in a marine community. Nature communications. 2020 Jan 14;11(1):1-9.",18815c01_12_edna,NCBI BioProject accession number PRJNA433203
18815c01_12_eDNA_2,S29,TGTCGCAAATAG,GTACACACCGCCCGTC,TGATCCTTCTGCAGGTTCACCTAC,18815c01_12_edna_2_S29_L001_R1_001.fastq.gz,18815c01_12_edna_2_S29_L001_R2_001.fastq.gz,S,environmental,18S,2,7/7/15 14:59,18815,1.0,12.0,C1,0.0,36.7948,-121.8478,Francisco Chavez,MBARI,MBTS,,RACHEL CARSON,ship,CTD/SBE911 Rosette with Niskin bottle,USA:California:Monterey Bay,0.0877,1.789,24.6734,1.803,0.632,3.5881,6.7206,33.4519,15.4837,Poretics,0.22um,marine biome  (ENVO:00000447),coastal water (ENVO:00001250),waterborne particulate matter (ENVO:01000436),,,,,,,,20170124,unknown,standard EMP 18S V9,1000ml,,dx.doi.org/10.17504/protocols.io.xjufknw,dx.doi.org/10.17504/protocols.io.n2vdge6,-80C,dx.doi.org/10.17504/protocols.io.xjufknw|dx.doi.org/10.17504/protocols.io.n2vdge6|https://github.com/MBARI-BOG/BOG-Banzai-Dada2-Pipeline,1391f,EukBr,"Amaral-Zettler LA, McCliment EA, Ducklow HW, Huse SM. A method for studying protistan diversity using massively parallel sequencing of V9 hypervariable regions of small-subunit ribosomal RNA genes. PloS one. 2009 Jul 27;4(7):e6372.",NGS Illumina Miseq,Stanford,18815c01_12_edna_2_S,Genbank nr Release 221 September 20 2017,"https://github.com/MBARI-BOG/BOG-Banzai-Dada2-Pipeline| Djurhuus A, Closek CJ, Kelly RP, Pitz KJ, Michisaki RP, Starks HA, Walz KR, Andruszkiewicz EA, Olesin E, Hubbard K, Montes E. Environmental DNA reveals seasonal shifts and potential interactions in a marine community. Nature communications. 2020 Jan 14;11(1):1-9.",18815c01_12_edna,NCBI BioProject accession number PRJNA433203
18815c01_12_eDNA_3,S30,GTGTTGTCGTGC,GTACACACCGCCCGTC,TGATCCTTCTGCAGGTTCACCTAC,18815c01_12_edna_3_S30_L001_R1_001.fastq.gz,18815c01_12_edna_3_S30_L001_R2_001.fastq.gz,S,environmental,18S,3,7/7/15 14:59,18815,1.0,12.0,C1,0.0,36.7948,-121.8478,Francisco Chavez,MBARI,MBTS,,RACHEL CARSON,ship,CTD/SBE911 Rosette with Niskin bottle,USA:California:Monterey Bay,0.0877,1.789,24.6734,1.803,0.632,3.5881,6.7206,33.4519,15.4837,Poretics,0.22um,marine biome  (ENVO:00000447),coastal water (ENVO:00001250),waterborne particulate matter (ENVO:01000436),,,,,,,,20170124,unknown,standard EMP 18S V9,1000ml,,dx.doi.org/10.17504/protocols.io.xjufknw,dx.doi.org/10.17504/protocols.io.n2vdge6,-80C,dx.doi.org/10.17504/protocols.io.xjufknw|dx.doi.org/10.17504/protocols.io.n2vdge6|https://github.com/MBARI-BOG/BOG-Banzai-Dada2-Pipeline,1391f,EukBr,"Amaral-Zettler LA, McCliment EA, Ducklow HW, Huse SM. A method for studying protistan diversity using massively parallel sequencing of V9 hypervariable regions of small-subunit ribosomal RNA genes. PloS one. 2009 Jul 27;4(7):e6372.",NGS Illumina Miseq,Stanford,18815c01_12_edna_3_S,Genbank nr Release 221 September 20 2017,"https://github.com/MBARI-BOG/BOG-Banzai-Dada2-Pipeline| Djurhuus A, Closek CJ, Kelly RP, Pitz KJ, Michisaki RP, Starks HA, Walz KR, Andruszkiewicz EA, Olesin E, Hubbard K, Montes E. Environmental DNA reveals seasonal shifts and potential interactions in a marine community. Nature communications. 2020 Jan 14;11(1):1-9.",18815c01_12_edna,NCBI BioProject accession number PRJNA433203
28215c01_12_eDNA_1,S33,GCATATGCACTG,GTACACACCGCCCGTC,TGATCCTTCTGCAGGTTCACCTAC,28215c01_12_edna_1_S33_L001_R1_001.fastq.gz,28215c01_12_edna_1_S33_L001_R2_001.fastq.gz,S,environmental,18S,1,10/9/15 14:49,28215,1.0,12.0,C1,0.0,36.7962,-121.8468,Francisco Chavez,MBARI,MBTS,,RACHEL CARSON,ship,CTD/SBE911 Rosette with Niskin bottle,USA:California:Monterey Bay,0.1421,1.3,24.2161,1.309,0.087,2.9565,6.0533,33.3404,17.1052,Poretics,0.22um,marine biome  (ENVO:00000447),coastal water (ENVO:00001250),waterborne particulate matter (ENVO:01000436),,,,,,,,20170124,unknown,standard EMP 18S V9,1000ml,,dx.doi.org/10.17504/protocols.io.xjufknw,dx.doi.org/10.17504/protocols.io.n2vdge6,-80C,dx.doi.org/10.17504/protocols.io.xjufknw|dx.doi.org/10.17504/protocols.io.n2vdge6|https://github.com/MBARI-BOG/BOG-Banzai-Dada2-Pipeline,1391f,EukBr,"Amaral-Zettler LA, McCliment EA, Ducklow HW, Huse SM. A method for studying protistan diversity using massively parallel sequencing of V9 hypervariable regions of small-subunit ribosomal RNA genes. PloS one. 2009 Jul 27;4(7):e6372.",NGS Illumina Miseq,Stanford,28215c01_12_edna_1_S,Genbank nr Release 221 September 20 2017,"https://github.com/MBARI-BOG/BOG-Banzai-Dada2-Pipeline| Djurhuus A, Closek CJ, Kelly RP, Pitz KJ, Michisaki RP, Starks HA, Walz KR, Andruszkiewicz EA, Olesin E, Hubbard K, Montes E. Environmental DNA reveals seasonal shifts and potential interactions in a marine community. Nature communications. 2020 Jan 14;11(1):1-9.",28215c01_12_edna,NCBI BioProject accession number PRJNA433203
28215c01_12_eDNA_2,S34,TAATACGGATCG,GTACACACCGCCCGTC,TGATCCTTCTGCAGGTTCACCTAC,28215c01_12_edna_2_S34_L001_R1_001.fastq.gz,28215c01_12_edna_2_S34_L001_R2_001.fastq.gz,S,environmental,18S,2,10/9/15 14:49,28215,1.0,12.0,C1,0.0,36.7962,-121.8468,Francisco Chavez,MBARI,MBTS,,RACHEL CARSON,ship,CTD/SBE911 Rosette with Niskin bottle,USA:California:Monterey Bay,0.1421,1.3,24.2161,1.309,0.087,2.9565,6.0533,33.3404,17.1052,Poretics,0.22um,marine biome  (ENVO:00000447),coastal water (ENVO:00001250),waterborne particulate matter (ENVO:01000436),,,,,,,,20170124,unknown,standard EMP 18S V9,1000ml,,dx.doi.org/10.17504/protocols.io.xjufknw,dx.doi.org/10.17504/protocols.io.n2vdge6,-80C,dx.doi.org/10.17504/protocols.io.xjufknw|dx.doi.org/10.17504/protocols.io.n2vdge6|https://github.com/MBARI-BOG/BOG-Banzai-Dada2-Pipeline,1391f,EukBr,"Amaral-Zettler LA, McCliment EA, Ducklow HW, Huse SM. A method for studying protistan diversity using massively parallel sequencing of V9 hypervariable regions of small-subunit ribosomal RNA genes. PloS one. 2009 Jul 27;4(7):e6372.",NGS Illumina Miseq,Stanford,28215c01_12_edna_2_S,Genbank nr Release 221 September 20 2017,"https://github.com/MBARI-BOG/BOG-Banzai-Dada2-Pipeline| Djurhuus A, Closek CJ, Kelly RP, Pitz KJ, Michisaki RP, Starks HA, Walz KR, Andruszkiewicz EA, Olesin E, Hubbard K, Montes E. Environmental DNA reveals seasonal shifts and potential interactions in a marine community. Nature communications. 2020 Jan 14;11(1):1-9.",28215c01_12_edna,NCBI BioProject accession number PRJNA433203
28215c01_12_eDNA_3,S35,CATCCCTCTACT,GTACACACCGCCCGTC,TGATCCTTCTGCAGGTTCACCTAC,28215c01_12_edna_3_S35_L001_R1_001.fastq.gz,28215c01_12_edna_3_S35_L001_R2_001.fastq.gz,S,environmental,18S,3,10/9/15 14:49,28215,1.0,12.0,C1,0.0,36.7962,-121.8468,Francisco Chavez,MBARI,MBTS,,RACHEL CARSON,ship,CTD/SBE911 Rosette with Niskin bottle,USA:California:Monterey Bay,0.1421,1.3,24.2161,1.309,0.087,2.9565,6.0533,33.3404,17.1052,Poretics,0.22um,marine biome  (ENVO:00000447),coastal water (ENVO:00001250),waterborne particulate matter (ENVO:01000436),,,,,,,,20170124,unknown,standard EMP 18S V9,1000ml,,dx.doi.org/10.17504/protocols.io.xjufknw,dx.doi.org/10.17504/protocols.io.n2vdge6,-80C,dx.doi.org/10.17504/protocols.io.xjufknw|dx.doi.org/10.17504/protocols.io.n2vdge6|https://github.com/MBARI-BOG/BOG-Banzai-Dada2-Pipeline,1391f,EukBr,"Amaral-Zettler LA, McCliment EA, Ducklow HW, Huse SM. A method for studying protistan diversity using massively parallel sequencing of V9 hypervariable regions of small-subunit ribosomal RNA genes. PloS one. 2009 Jul 27;4(7):e6372.",NGS Illumina Miseq,Stanford,28215c01_12_edna_3_S,Genbank nr Release 221 September 20 2017,"https://github.com/MBARI-BOG/BOG-Banzai-Dada2-Pipeline| Djurhuus A, Closek CJ, Kelly RP, Pitz KJ, Michisaki RP, Starks HA, Walz KR, Andruszkiewicz EA, Olesin E, Hubbard K, Montes E. Environmental DNA reveals seasonal shifts and potential interactions in a marine community. Nature communications. 2020 Jan 14;11(1):1-9.",28215c01_12_edna,NCBI BioProject accession number PRJNA433203
34915c01_12_eDNA_1,S36,CCACAGATCGAT,GTACACACCGCCCGTC,TGATCCTTCTGCAGGTTCACCTAC,34915c01_12_edna_1_S36_L001_R1_001.fastq.gz,34915c01_12_edna_1_S36_L001_R2_001.fastq.gz,S,environmental,18S,1,12/15/15 15:53,34915,1.0,12.0,C1,0.0,36.7968,-121.8477,Francisco Chavez,MBARI,MBTS,,RACHEL CARSON,ship,CTD/SBE911 Rosette with Niskin bottle,USA:California:Monterey Bay,0.0547,1.969,24.8404,1.984,1.833,0.4679,5.5024,33.3602,14.381,Poretics,0.22um,marine biome  (ENVO:00000447),coastal water (ENVO:00001250),waterborne particulate matter (ENVO:01000436),,,,,,,,20170124,unknown,standard EMP 18S V9,1000ml,,dx.doi.org/10.17504/protocols.io.xjufknw,dx.doi.org/10.17504/protocols.io.n2vdge6,-80C,dx.doi.org/10.17504/protocols.io.xjufknw|dx.doi.org/10.17504/protocols.io.n2vdge6|https://github.com/MBARI-BOG/BOG-Banzai-Dada2-Pipeline,1391f,EukBr,"Amaral-Zettler LA, McCliment EA, Ducklow HW, Huse SM. A method for studying protistan diversity using massively parallel sequencing of V9 hypervariable regions of small-subunit ribosomal RNA genes. PloS one. 2009 Jul 27;4(7):e6372.",NGS Illumina Miseq,Stanford,34915c01_12_edna_1_S,Genbank nr Release 221 September 20 2017,"https://github.com/MBARI-BOG/BOG-Banzai-Dada2-Pipeline| Djurhuus A, Closek CJ, Kelly RP, Pitz KJ, Michisaki RP, Starks HA, Walz KR, Andruszkiewicz EA, Olesin E, Hubbard K, Montes E. Environmental DNA reveals seasonal shifts and potential interactions in a marine community. Nature communications. 2020 Jan 14;11(1):1-9.",34915c01_12_edna,NCBI BioProject accession number PRJNA433203
34915c01_12_eDNA_2,S37,TAGTATGCGCAA,GTACACACCGCCCGTC,TGATCCTTCTGCAGGTTCACCTAC,34915c01_12_edna_2_S37_L001_R1_001.fastq.gz,34915c01_12_edna_2_S37_L001_R2_001.fastq.gz,S,environmental,18S,2,12/15/15 15:53,34915,1.0,12.0,C1,0.0,36.7968,-121.8477,Francisco Chavez,MBARI,MBTS,,RACHEL CARSON,ship,CTD/SBE911 Rosette with Niskin bottle,USA:California:Monterey Bay,0.0547,1.969,24.8404,1.984,1.833,0.4679,5.5024,33.3602,14.381,Poretics,0.22um,marine biome  (ENVO:00000447),coastal water (ENVO:00001250),waterborne particulate matter (ENVO:01000436),,,,,,,,20170124,unknown,standard EMP 18S V9,1000ml,,dx.doi.org/10.17504/protocols.io.xjufknw,dx.doi.org/10.17504/protocols.io.n2vdge6,-80C,dx.doi.org/10.17504/protocols.io.xjufknw|dx.doi.org/10.17504/protocols.io.n2vdge6|https://github.com/MBARI-BOG/BOG-Banzai-Dada2-Pipeline,1391f,EukBr,"Amaral-Zettler LA, McCliment EA, Ducklow HW, Huse SM. A method for studying protistan diversity using massively parallel sequencing of V9 hypervariable regions of small-subunit ribosomal RNA genes. PloS one. 2009 Jul 27;4(7):e6372.",NGS Illumina Miseq,Stanford,34915c01_12_edna_2_S,Genbank nr Release 221 September 20 2017,"https://github.com/MBARI-BOG/BOG-Banzai-Dada2-Pipeline| Djurhuus A, Closek CJ, Kelly RP, Pitz KJ, Michisaki RP, Starks HA, Walz KR, Andruszkiewicz EA, Olesin E, Hubbard K, Montes E. Environmental DNA reveals seasonal shifts and potential interactions in a marine community. Nature communications. 2020 Jan 14;11(1):1-9.",34915c01_12_edna,NCBI BioProject accession number PRJNA433203
34915c01_12_eDNA_3,S38,AGCAGAACATCT,GTACACACCGCCCGTC,TGATCCTTCTGCAGGTTCACCTAC,34915c01_12_edna_3_S38_L001_R1_001.fastq.gz,34915c01_12_edna_3_S38_L001_R2_001.fastq.gz,S,environmental,18S,3,12/15/15 15:53,34915,1.0,12.0,C1,0.0,36.7968,-121.8477,Francisco Chavez,MBARI,MBTS,,RACHEL CARSON,ship,CTD/SBE911 Rosette with Niskin bottle,USA:California:Monterey Bay,0.0547,1.969,24.8404,1.984,1.833,0.4679,5.5024,33.3602,14.381,Poretics,0.22um,marine biome  (ENVO:00000447),coastal water (ENVO:00001250),waterborne particulate matter (ENVO:01000436),,,,,,,,20170124,unknown,standard EMP 18S V9,1000ml,,dx.doi.org/10.17504/protocols.io.xjufknw,dx.doi.org/10.17504/protocols.io.n2vdge6,-80C,dx.doi.org/10.17504/protocols.io.xjufknw|dx.doi.org/10.17504/protocols.io.n2vdge6|https://github.com/MBARI-BOG/BOG-Banzai-Dada2-Pipeline,1391f,EukBr,"Amaral-Zettler LA, McCliment EA, Ducklow HW, Huse SM. A method for studying protistan diversity using massively parallel sequencing of V9 hypervariable regions of small-subunit ribosomal RNA genes. PloS one. 2009 Jul 27;4(7):e6372.",NGS Illumina Miseq,Stanford,34915c01_12_edna_3_S,Genbank nr Release 221 September 20 2017,"https://github.com/MBARI-BOG/BOG-Banzai-Dada2-Pipeline| Djurhuus A, Closek CJ, Kelly RP, Pitz KJ, Michisaki RP, Starks HA, Walz KR, Andruszkiewicz EA, Olesin E, Hubbard K, Montes E. Environmental DNA reveals seasonal shifts and potential interactions in a marine community. Nature communications. 2020 Jan 14;11(1):1-9.",34915c01_12_edna,NCBI BioProject accession number PRJNA433203
11216c01_12_eDNA_1,S39,GTCGTGTAGCCT,GTACACACCGCCCGTC,TGATCCTTCTGCAGGTTCACCTAC,11216c01_12_edna_1_S39_L001_R1_001.fastq.gz,11216c01_12_edna_1_S39_L001_R2_001.fastq.gz,S,environmental,18S,1,4/21/16 14:39,11216,1.0,12.0,C1,0.0,36.7962,-121.846,Francisco Chavez,MBARI,MBTS,,RACHEL CARSON,ship,CTD/SBE911 Rosette with Niskin bottle,USA:California:Monterey Bay,0.1832,2.568,24.9757,2.587,0.886,11.9931,7.1335,33.3014,13.5075,Poretics,0.22um,marine biome  (ENVO:00000447),coastal water (ENVO:00001250),waterborne particulate matter (ENVO:01000436),,,,,,,,20170124,unknown,standard EMP 18S V9,1000ml,,dx.doi.org/10.17504/protocols.io.xjufknw,dx.doi.org/10.17504/protocols.io.n2vdge6,-80C,dx.doi.org/10.17504/protocols.io.xjufknw|dx.doi.org/10.17504/protocols.io.n2vdge6|https://github.com/MBARI-BOG/BOG-Banzai-Dada2-Pipeline,1391f,EukBr,"Amaral-Zettler LA, McCliment EA, Ducklow HW, Huse SM. A method for studying protistan diversity using massively parallel sequencing of V9 hypervariable regions of small-subunit ribosomal RNA genes. PloS one. 2009 Jul 27;4(7):e6372.",NGS Illumina Miseq,Stanford,11216c01_12_edna_1_S,Genbank nr Release 221 September 20 2017,"https://github.com/MBARI-BOG/BOG-Banzai-Dada2-Pipeline| Djurhuus A, Closek CJ, Kelly RP, Pitz KJ, Michisaki RP, Starks HA, Walz KR, Andruszkiewicz EA, Olesin E, Hubbard K, Montes E. Environmental DNA reveals seasonal shifts and potential interactions in a marine community. Nature communications. 2020 Jan 14;11(1):1-9.",11216c01_12_edna,NCBI BioProject accession number PRJNA433203
11216c01_12_eDNA_2,S40,GATCTGCGATCC,GTACACACCGCCCGTC,TGATCCTTCTGCAGGTTCACCTAC,11216c01_12_edna_2_S40_L001_R1_001.fastq.gz,11216c01_12_edna_2_S40_L001_R2_001.fastq.gz,S,environmental,18S,2,4/21/16 14:39,11216,1.0,12.0,C1,0.0,36.7962,-121.846,Francisco Chavez,MBARI,MBTS,,RACHEL CARSON,ship,CTD/SBE911 Rosette with Niskin bottle,USA:California:Monterey Bay,0.1832,2.568,24.9757,2.587,0.886,11.9931,7.1335,33.3014,13.5075,Poretics,0.22um,marine biome  (ENVO:00000447),coastal water (ENVO:00001250),waterborne particulate matter (ENVO:01000436),,,,,,,,20170124,unknown,standard EMP 18S V9,1000ml,,dx.doi.org/10.17504/protocols.io.xjufknw,dx.doi.org/10.17504/protocols.io.n2vdge6,-80C,dx.doi.org/10.17504/protocols.io.xjufknw|dx.doi.org/10.17504/protocols.io.n2vdge6|https://github.com/MBARI-BOG/BOG-Banzai-Dada2-Pipeline,1391f,EukBr,"Amaral-Zettler LA, McCliment EA, Ducklow HW, Huse SM. A method for studying protistan diversity using massively parallel sequencing of V9 hypervariable regions of small-subunit ribosomal RNA genes. PloS one. 2009 Jul 27;4(7):e6372.",NGS Illumina Miseq,Stanford,11216c01_12_edna_2_S,Genbank nr Release 221 September 20 2017,"https://github.com/MBARI-BOG/BOG-Banzai-Dada2-Pipeline| Djurhuus A, Closek CJ, Kelly RP, Pitz KJ, Michisaki RP, Starks HA, Walz KR, Andruszkiewicz EA, Olesin E, Hubbard K, Montes E. Environmental DNA reveals seasonal shifts and potential interactions in a marine community. Nature communications. 2020 Jan 14;11(1):1-9.",11216c01_12_edna,NCBI BioProject accession number PRJNA433203
11216c01_12_eDNA_3,S41,CAACTCCCGTGA,GTACACACCGCCCGTC,TGATCCTTCTGCAGGTTCACCTAC,11216c01_12_edna_3_S41_L001_R1_001.fastq.gz,11216c01_12_edna_3_S41_L001_R2_001.fastq.gz,S,environmental,18S,3,4/21/16 14:39,11216,1.0,12.0,C1,0.0,36.7962,-121.846,Francisco Chavez,MBARI,MBTS,,RACHEL CARSON,ship,CTD/SBE911 Rosette with Niskin bottle,USA:California:Monterey Bay,0.1832,2.568,24.9757,2.587,0.886,11.9931,7.1335,33.3014,13.5075,Poretics,0.22um,marine biome  (ENVO:00000447),coastal water (ENVO:00001250),waterborne particulate matter (ENVO:01000436),,,,,,,,20170124,unknown,standard EMP 18S V9,1000ml,,dx.doi.org/10.17504/protocols.io.xjufknw,dx.doi.org/10.17504/protocols.io.n2vdge6,-80C,dx.doi.org/10.17504/protocols.io.xjufknw|dx.doi.org/10.17504/protocols.io.n2vdge6|https://github.com/MBARI-BOG/BOG-Banzai-Dada2-Pipeline,1391f,EukBr,"Amaral-Zettler LA, McCliment EA, Ducklow HW, Huse SM. A method for studying protistan diversity using massively parallel sequencing of V9 hypervariable regions of small-subunit ribosomal RNA genes. PloS one. 2009 Jul 27;4(7):e6372.",NGS Illumina Miseq,Stanford,11216c01_12_edna_3_S,Genbank nr Release 221 September 20 2017,"https://github.com/MBARI-BOG/BOG-Banzai-Dada2-Pipeline| Djurhuus A, Closek CJ, Kelly RP, Pitz KJ, Michisaki RP, Starks HA, Walz KR, Andruszkiewicz EA, Olesin E, Hubbard K, Montes E. Environmental DNA reveals seasonal shifts and potential interactions in a marine community. Nature communications. 2020 Jan 14;11(1):1-9.",11216c01_12_edna,NCBI BioProject accession number PRJNA433203
24416c01_12_eDNA_1,S42,TCGGAATTAGAC,GTACACACCGCCCGTC,TGATCCTTCTGCAGGTTCACCTAC,24416c01_12_edna_1_S42_L001_R1_001.fastq.gz,24416c01_12_edna_1_S42_L001_R2_001.fastq.gz,S,environmental,18S,1,8/31/16 14:42,24416,1.0,12.0,C1,0.0,36.7933,-121.8383,Francisco Chavez,MBARI,MBTS,,RACHEL CARSON,ship,CTD/SBE911 Rosette with Niskin bottle,USA:California:Monterey Bay,0.1957,1.988,24.7756,2.003,2.829,6.034,6.7832,33.5295,15.2877,Poretics,0.22um,marine biome  (ENVO:00000447),coastal water (ENVO:00001250),waterborne particulate matter (ENVO:01000436),,,,,,,,20170124,unknown,standard EMP 18S V9,1000ml,,dx.doi.org/10.17504/protocols.io.xjufknw,dx.doi.org/10.17504/protocols.io.n2vdge6,-80C,dx.doi.org/10.17504/protocols.io.xjufknw|dx.doi.org/10.17504/protocols.io.n2vdge6|https://github.com/MBARI-BOG/BOG-Banzai-Dada2-Pipeline,1391f,EukBr,"Amaral-Zettler LA, McCliment EA, Ducklow HW, Huse SM. A method for studying protistan diversity using massively parallel sequencing of V9 hypervariable regions of small-subunit ribosomal RNA genes. PloS one. 2009 Jul 27;4(7):e6372.",NGS Illumina Miseq,Stanford,24416c01_12_edna_1_S,Genbank nr Release 221 September 20 2017,"https://github.com/MBARI-BOG/BOG-Banzai-Dada2-Pipeline| Djurhuus A, Closek CJ, Kelly RP, Pitz KJ, Michisaki RP, Starks HA, Walz KR, Andruszkiewicz EA, Olesin E, Hubbard K, Montes E. Environmental DNA reveals seasonal shifts and potential interactions in a marine community. Nature communications. 2020 Jan 14;11(1):1-9.",24416c01_12_edna,NCBI BioProject accession number PRJNA433203
24416c01_12_eDNA_2,S43,TATACCGCTGCG,GTACACACCGCCCGTC,TGATCCTTCTGCAGGTTCACCTAC,24416c01_12_2_S43_L001_R1_001.fastq.gz,24416c01_12_2_S43_L001_R2_001.fastq.gz,S,environmental,18S,2,8/31/16 14:42,24416,1.0,12.0,C1,0.0,36.7933,-121.8383,Francisco Chavez,MBARI,MBTS,,RACHEL CARSON,ship,CTD/SBE911 Rosette with Niskin bottle,USA:California:Monterey Bay,0.1957,1.988,24.7756,2.003,2.829,6.034,6.7832,33.5295,15.2877,Poretics,0.22um,marine biome  (ENVO:00000447),coastal water (ENVO:00001250),waterborne particulate matter (ENVO:01000436),,,,,,,,20170124,unknown,standard EMP 18S V9,1000ml,,dx.doi.org/10.17504/protocols.io.xjufknw,dx.doi.org/10.17504/protocols.io.n2vdge6,-80C,dx.doi.org/10.17504/protocols.io.xjufknw|dx.doi.org/10.17504/protocols.io.n2vdge6|https://github.com/MBARI-BOG/BOG-Banzai-Dada2-Pipeline,1391f,EukBr,"Amaral-Zettler LA, McCliment EA, Ducklow HW, Huse SM. A method for studying protistan diversity using massively parallel sequencing of V9 hypervariable regions of small-subunit ribosomal RNA genes. PloS one. 2009 Jul 27;4(7):e6372.",NGS Illumina Miseq,Stanford,24416c01_12_2_S,Genbank nr Release 221 September 20 2017,"https://github.com/MBARI-BOG/BOG-Banzai-Dada2-Pipeline| Djurhuus A, Closek CJ, Kelly RP, Pitz KJ, Michisaki RP, Starks HA, Walz KR, Andruszkiewicz EA, Olesin E, Hubbard K, Montes E. Environmental DNA reveals seasonal shifts and potential interactions in a marine community. Nature communications. 2020 Jan 14;11(1):1-9.",24416c01_12,NCBI BioProject accession number PRJNA433203
24416c01_12_eDNA_3,S44,TATCGACACAAG,GTACACACCGCCCGTC,TGATCCTTCTGCAGGTTCACCTAC,24416c01_12_edna_3_S44_L001_R1_001.fastq.gz,24416c01_12_edna_3_S44_L001_R2_001.fastq.gz,S,environmental,18S,3,8/31/16 14:42,24416,1.0,12.0,C1,0.0,36.7933,-121.8383,Francisco Chavez,MBARI,MBTS,,RACHEL CARSON,ship,CTD/SBE911 Rosette with Niskin bottle,USA:California:Monterey Bay,0.1957,1.988,24.7756,2.003,2.829,6.034,6.7832,33.5295,15.2877,Poretics,0.22um,marine biome  (ENVO:00000447),coastal water (ENVO:00001250),waterborne particulate matter (ENVO:01000436),,,,,,,,20170124,unknown,standard EMP 18S V9,1000ml,,dx.doi.org/10.17504/protocols.io.xjufknw,dx.doi.org/10.17504/protocols.io.n2vdge6,-80C,dx.doi.org/10.17504/protocols.io.xjufknw|dx.doi.org/10.17504/protocols.io.n2vdge6|https://github.com/MBARI-BOG/BOG-Banzai-Dada2-Pipeline,1391f,EukBr,"Amaral-Zettler LA, McCliment EA, Ducklow HW, Huse SM. A method for studying protistan diversity using massively parallel sequencing of V9 hypervariable regions of small-subunit ribosomal RNA genes. PloS one. 2009 Jul 27;4(7):e6372.",NGS Illumina Miseq,Stanford,24416c01_12_edna_3_S,Genbank nr Release 221 September 20 2017,"https://github.com/MBARI-BOG/BOG-Banzai-Dada2-Pipeline| Djurhuus A, Closek CJ, Kelly RP, Pitz KJ, Michisaki RP, Starks HA, Walz KR, Andruszkiewicz EA, Olesin E, Hubbard K, Montes E. Environmental DNA reveals seasonal shifts and potential interactions in a marine community. Nature communications. 2020 Jan 14;11(1):1-9.",24416c01_12_edna,NCBI BioProject accession number PRJNA433203
CANON16c14_12_eDNA_1,S45,TGCGCTGAATGT,GTACACACCGCCCGTC,TGATCCTTCTGCAGGTTCACCTAC,CANON16c14_12_edna_1_S45_L001_R1_001.fastq.gz,CANON16c14_12_edna_1_S45_L001_R2_001.fastq.gz,S,environmental,18S,1,9/26/16 1:03,CANON16,14.0,12.0,C1,0.0,36.7968,-121.85,Francisco Chavez,MBARI,MBTS,,WESTERN FLYER,ship,CTD/SBE911 Rosette with Niskin bottle,USA:California:Monterey Bay,0.3566,2.966,25.0246,2.988,0.073,16.262,6.792,33.5373,14.1552,Poretics,0.22um,marine biome  (ENVO:00000447),coastal water (ENVO:00001250),waterborne particulate matter (ENVO:01000436),,,,,,,,20170124,unknown,standard EMP 18S V9,1000ml,,dx.doi.org/10.17504/protocols.io.xjufknw,dx.doi.org/10.17504/protocols.io.n2vdge6,-80C,dx.doi.org/10.17504/protocols.io.xjufknw|dx.doi.org/10.17504/protocols.io.n2vdge6|https://github.com/MBARI-BOG/BOG-Banzai-Dada2-Pipeline,1391f,EukBr,"Amaral-Zettler LA, McCliment EA, Ducklow HW, Huse SM. A method for studying protistan diversity using massively parallel sequencing of V9 hypervariable regions of small-subunit ribosomal RNA genes. PloS one. 2009 Jul 27;4(7):e6372.",NGS Illumina Miseq,Stanford,CANON16c14_12_edna_1_S,Genbank nr Release 221 September 20 2017,"https://github.com/MBARI-BOG/BOG-Banzai-Dada2-Pipeline| Djurhuus A, Closek CJ, Kelly RP, Pitz KJ, Michisaki RP, Starks HA, Walz KR, Andruszkiewicz EA, Olesin E, Hubbard K, Montes E. Environmental DNA reveals seasonal shifts and potential interactions in a marine community. Nature communications. 2020 Jan 14;11(1):1-9.",CANON16c14_12_edna,NCBI BioProject accession number PRJNA433203
CANON16c14_12_eDNA_2,S46,AGCGGAGGTTAG,GTACACACCGCCCGTC,TGATCCTTCTGCAGGTTCACCTAC,CANON16c14_12_edna_2_S46_L001_R1_001.fastq.gz,CANON16c14_12_edna_2_S46_L001_R2_001.fastq.gz,S,environmental,18S,2,9/26/16 1:03,CANON16,14.0,12.0,C1,0.0,36.7968,-121.85,Francisco Chavez,MBARI,MBTS,,WESTERN FLYER,ship,CTD/SBE911 Rosette with Niskin bottle,USA:California:Monterey Bay,0.3566,2.966,25.0246,2.988,0.073,16.262,6.792,33.5373,14.1552,Poretics,0.22um,marine biome  (ENVO:00000447),coastal water (ENVO:00001250),waterborne particulate matter (ENVO:01000436),,,,,,,,20170124,unknown,standard EMP 18S V9,1000ml,,dx.doi.org/10.17504/protocols.io.xjufknw,dx.doi.org/10.17504/protocols.io.n2vdge6,-80C,dx.doi.org/10.17504/protocols.io.xjufknw|dx.doi.org/10.17504/protocols.io.n2vdge6|https://github.com/MBARI-BOG/BOG-Banzai-Dada2-Pipeline,1391f,EukBr,"Amaral-Zettler LA, McCliment EA, Ducklow HW, Huse SM. A method for studying protistan diversity using massively parallel sequencing of V9 hypervariable regions of small-subunit ribosomal RNA genes. PloS one. 2009 Jul 27;4(7):e6372.",NGS Illumina Miseq,Stanford,CANON16c14_12_edna_2_S,Genbank nr Release 221 September 20 2017,"https://github.com/MBARI-BOG/BOG-Banzai-Dada2-Pipeline| Djurhuus A, Closek CJ, Kelly RP, Pitz KJ, Michisaki RP, Starks HA, Walz KR, Andruszkiewicz EA, Olesin E, Hubbard K, Montes E. Environmental DNA reveals seasonal shifts and potential interactions in a marine community. Nature communications. 2020 Jan 14;11(1):1-9.",CANON16c14_12_edna,NCBI BioProject accession number PRJNA433203
CANON16c14_12_eDNA_3,S47,CAGCTCATCAGC,GTACACACCGCCCGTC,TGATCCTTCTGCAGGTTCACCTAC,CANON16c14_12_edna_3_S47_L001_R1_001.fastq.gz,CANON16c14_12_edna_3_S47_L001_R2_001.fastq.gz,S,environmental,18S,3,9/26/16 1:03,CANON16,14.0,12.0,C1,0.0,36.7968,-121.85,Francisco Chavez,MBARI,MBTS,,WESTERN FLYER,ship,CTD/SBE911 Rosette with Niskin bottle,USA:California:Monterey Bay,0.3566,2.966,25.0246,2.988,0.073,16.262,6.792,33.5373,14.1552,Poretics,0.22um,marine biome  (ENVO:00000447),coastal water (ENVO:00001250),waterborne particulate matter (ENVO:01000436),,,,,,,,20170124,unknown,standard EMP 18S V9,1000ml,,dx.doi.org/10.17504/protocols.io.xjufknw,dx.doi.org/10.17504/protocols.io.n2vdge6,-80C,dx.doi.org/10.17504/protocols.io.xjufknw|dx.doi.org/10.17504/protocols.io.n2vdge6|https://github.com/MBARI-BOG/BOG-Banzai-Dada2-Pipeline,1391f,EukBr,"Amaral-Zettler LA, McCliment EA, Ducklow HW, Huse SM. A method for studying protistan diversity using massively parallel sequencing of V9 hypervariable regions of small-subunit ribosomal RNA genes. PloS one. 2009 Jul 27;4(7):e6372.",NGS Illumina Miseq,Stanford,CANON16c14_12_edna_3_S,Genbank nr Release 221 September 20 2017,"https://github.com/MBARI-BOG/BOG-Banzai-Dada2-Pipeline| Djurhuus A, Closek CJ, Kelly RP, Pitz KJ, Michisaki RP, Starks HA, Walz KR, Andruszkiewicz EA, Olesin E, Hubbard K, Montes E. Environmental DNA reveals seasonal shifts and potential interactions in a marine community. Nature communications. 2020 Jan 14;11(1):1-9.",CANON16c14_12_edna,NCBI BioProject accession number PRJNA433203
34916c01_12_eDNA_1,S48,TTGCGTTAGCAG,GTACACACCGCCCGTC,TGATCCTTCTGCAGGTTCACCTAC,34916c01_12_edna_1_S48_L001_R1_001.fastq.gz,34916c01_12_edna_1_S48_L001_R2_001.fastq.gz,S,environmental,18S,1,12/14/16 15:49,34916,1.0,12.0,C1,0.0,36.7952,-121.85,Francisco Chavez,MBARI,MBTS,,RACHEL CARSON,ship,CTD/SBE911 Rosette with Niskin bottle,USA:California:Monterey Bay,0.1654,2.523,25.135,2.541,6.062,5.2603,5.9152,33.2532,12.5131,Poretics,0.22um,marine biome  (ENVO:00000447),coastal water (ENVO:00001250),waterborne particulate matter (ENVO:01000436),,,,,,,,20170124,unknown,standard EMP 18S V9,1000ml,,dx.doi.org/10.17504/protocols.io.xjufknw,dx.doi.org/10.17504/protocols.io.n2vdge6,-80C,dx.doi.org/10.17504/protocols.io.xjufknw|dx.doi.org/10.17504/protocols.io.n2vdge6|https://github.com/MBARI-BOG/BOG-Banzai-Dada2-Pipeline,1391f,EukBr,"Amaral-Zettler LA, McCliment EA, Ducklow HW, Huse SM. A method for studying protistan diversity using massively parallel sequencing of V9 hypervariable regions of small-subunit ribosomal RNA genes. PloS one. 2009 Jul 27;4(7):e6372.",NGS Illumina Miseq,Stanford,34916c01_12_edna_1_S,Genbank nr Release 221 September 20 2017,"https://github.com/MBARI-BOG/BOG-Banzai-Dada2-Pipeline| Djurhuus A, Closek CJ, Kelly RP, Pitz KJ, Michisaki RP, Starks HA, Walz KR, Andruszkiewicz EA, Olesin E, Hubbard K, Montes E. Environmental DNA reveals seasonal shifts and potential interactions in a marine community. Nature communications. 2020 Jan 14;11(1):1-9.",34916c01_12_edna,NCBI BioProject accession number PRJNA433203
34916c01_12_eDNA_2,S49,TGTGAATTCGGA,GTACACACCGCCCGTC,TGATCCTTCTGCAGGTTCACCTAC,34916c01_12_edna_2_S49_L001_R1_001.fastq.gz,34916c01_12_edna_2_S49_L001_R2_001.fastq.gz,S,environmental,18S,2,12/14/16 15:49,34916,1.0,12.0,C1,0.0,36.7952,-121.85,Francisco Chavez,MBARI,MBTS,,RACHEL CARSON,ship,CTD/SBE911 Rosette with Niskin bottle,USA:California:Monterey Bay,0.1654,2.523,25.135,2.541,6.062,5.2603,5.9152,33.2532,12.5131,Poretics,0.22um,marine biome  (ENVO:00000447),coastal water (ENVO:00001250),waterborne particulate matter (ENVO:01000436),,,,,,,,20170124,unknown,standard EMP 18S V9,1000ml,,dx.doi.org/10.17504/protocols.io.xjufknw,dx.doi.org/10.17504/protocols.io.n2vdge6,-80C,dx.doi.org/10.17504/protocols.io.xjufknw|dx.doi.org/10.17504/protocols.io.n2vdge6|https://github.com/MBARI-BOG/BOG-Banzai-Dada2-Pipeline,1391f,EukBr,"Amaral-Zettler LA, McCliment EA, Ducklow HW, Huse SM. A method for studying protistan diversity using massively parallel sequencing of V9 hypervariable regions of small-subunit ribosomal RNA genes. PloS one. 2009 Jul 27;4(7):e6372.",NGS Illumina Miseq,Stanford,34916c01_12_edna_2_S,Genbank nr Release 221 September 20 2017,"https://github.com/MBARI-BOG/BOG-Banzai-Dada2-Pipeline| Djurhuus A, Closek CJ, Kelly RP, Pitz KJ, Michisaki RP, Starks HA, Walz KR, Andruszkiewicz EA, Olesin E, Hubbard K, Montes E. Environmental DNA reveals seasonal shifts and potential interactions in a marine community. Nature communications. 2020 Jan 14;11(1):1-9.",34916c01_12_edna,NCBI BioProject accession number PRJNA433203
34916c01_12_eDNA_3,S50,GATTCCGGCTCA,GTACACACCGCCCGTC,TGATCCTTCTGCAGGTTCACCTAC,34916c01_12_edna_3_S50_L001_R1_001.fastq.gz,34916c01_12_edna_3_S50_L001_R2_001.fastq.gz,S,environmental,18S,3,12/14/16 15:49,34916,1.0,12.0,C1,0.0,36.7952,-121.85,Francisco Chavez,MBARI,MBTS,,RACHEL CARSON,ship,CTD/SBE911 Rosette with Niskin bottle,USA:California:Monterey Bay,0.1654,2.523,25.135,2.541,6.062,5.2603,5.9152,33.2532,12.5131,Poretics,0.22um,marine biome  (ENVO:00000447),coastal water (ENVO:00001250),waterborne particulate matter (ENVO:01000436),,,,,,,,20170124,unknown,standard EMP 18S V9,1000ml,,dx.doi.org/10.17504/protocols.io.xjufknw,dx.doi.org/10.17504/protocols.io.n2vdge6,-80C,dx.doi.org/10.17504/protocols.io.xjufknw|dx.doi.org/10.17504/protocols.io.n2vdge6|https://github.com/MBARI-BOG/BOG-Banzai-Dada2-Pipeline,1391f,EukBr,"Amaral-Zettler LA, McCliment EA, Ducklow HW, Huse SM. A method for studying protistan diversity using massively parallel sequencing of V9 hypervariable regions of small-subunit ribosomal RNA genes. PloS one. 2009 Jul 27;4(7):e6372.",NGS Illumina Miseq,Stanford,34916c01_12_edna_3_S,Genbank nr Release 221 September 20 2017,"https://github.com/MBARI-BOG/BOG-Banzai-Dada2-Pipeline| Djurhuus A, Closek CJ, Kelly RP, Pitz KJ, Michisaki RP, Starks HA, Walz KR, Andruszkiewicz EA, Olesin E, Hubbard K, Montes E. Environmental DNA reveals seasonal shifts and potential interactions in a marine community. Nature communications. 2020 Jan 14;11(1):1-9.",34916c01_12_edna,NCBI BioProject accession number PRJNA433203
JD10706C1_0m_1,S51,ATGGCTGTCAGT,GTACACACCGCCCGTC,TGATCCTTCTGCAGGTTCACCTAC,JD10706C1_0m_1_S51_L001_R1_001.fastq.gz,JD10706C1_0m_1_S51_L001_R2_001.fastq.gz,S,environmental,18S,1,4/17/06 14:46,10706,1.0,11.0,C1,0.0,36.795,-121.849,Francisco Chavez,MBARI,MBTS,,POINT LOBOS,ship,CTD/SBE911 Rosette with Niskin bottle,USA:California:Monterey Bay,0.2641,1.701,24.3889,1.713,,4.1266,,32.4097,12.9898,Poretics,0.22um,marine biome  (ENVO:00000447),coastal water (ENVO:00001250),waterborne particulate matter (ENVO:01000436),,,,,,,,20170124,unknown,standard EMP 18S V9,2000ml,,dx.doi.org/10.17504/protocols.io.xjufknw,dx.doi.org/10.17504/protocols.io.n2vdge6,-80C,dx.doi.org/10.17504/protocols.io.xjufknw|dx.doi.org/10.17504/protocols.io.n2vdge6|https://github.com/MBARI-BOG/BOG-Banzai-Dada2-Pipeline,1391f,EukBr,"Amaral-Zettler LA, McCliment EA, Ducklow HW, Huse SM. A method for studying protistan diversity using massively parallel sequencing of V9 hypervariable regions of small-subunit ribosomal RNA genes. PloS one. 2009 Jul 27;4(7):e6372.",NGS Illumina Miseq,Stanford,JD10706C1_0m_1_S,Genbank nr Release 221 September 20 2017,"https://github.com/MBARI-BOG/BOG-Banzai-Dada2-Pipeline| Djurhuus A, Closek CJ, Kelly RP, Pitz KJ, Michisaki RP, Starks HA, Walz KR, Andruszkiewicz EA, Olesin E, Hubbard K, Montes E. Environmental DNA reveals seasonal shifts and potential interactions in a marine community. Nature communications. 2020 Jan 14;11(1):1-9.",JD10706C1_0m,NCBI BioProject accession number PRJNA433203
JD10706C1_0m_2,S52,TTGGCTCTATTC,GTACACACCGCCCGTC,TGATCCTTCTGCAGGTTCACCTAC,JD10706C1_0m_2_S52_L001_R1_001.fastq.gz,JD10706C1_0m_2_S52_L001_R2_001.fastq.gz,S,environmental,18S,2,4/17/06 14:46,10706,1.0,11.0,C1,0.0,36.795,-121.849,Francisco Chavez,MBARI,MBTS,,POINT LOBOS,ship,CTD/SBE911 Rosette with Niskin bottle,USA:California:Monterey Bay,0.2641,1.701,24.3889,1.713,,4.1266,,32.4097,12.9898,Poretics,0.22um,marine biome  (ENVO:00000447),coastal water (ENVO:00001250),waterborne particulate matter (ENVO:01000436),,,,,,,,20170124,unknown,standard EMP 18S V9,2000ml,,dx.doi.org/10.17504/protocols.io.xjufknw,dx.doi.org/10.17504/protocols.io.n2vdge6,-80C,dx.doi.org/10.17504/protocols.io.xjufknw|dx.doi.org/10.17504/protocols.io.n2vdge6|https://github.com/MBARI-BOG/BOG-Banzai-Dada2-Pipeline,1391f,EukBr,"Amaral-Zettler LA, McCliment EA, Ducklow HW, Huse SM. A method for studying protistan diversity using massively parallel sequencing of V9 hypervariable regions of small-subunit ribosomal RNA genes. PloS one. 2009 Jul 27;4(7):e6372.",NGS Illumina Miseq,Stanford,JD10706C1_0m_2_S,Genbank nr Release 221 September 20 2017,"https://github.com/MBARI-BOG/BOG-Banzai-Dada2-Pipeline| Djurhuus A, Closek CJ, Kelly RP, Pitz KJ, Michisaki RP, Starks HA, Walz KR, Andruszkiewicz EA, Olesin E, Hubbard K, Montes E. Environmental DNA reveals seasonal shifts and potential interactions in a marine community. Nature communications. 2020 Jan 14;11(1):1-9.",JD10706C1_0m,NCBI BioProject accession number PRJNA433203
JD10706C1_0m_3,S53,TACAGCGCATAC,GTACACACCGCCCGTC,TGATCCTTCTGCAGGTTCACCTAC,JD10706C1_0m_3_S53_L001_R1_001.fastq.gz,JD10706C1_0m_3_S53_L001_R2_001.fastq.gz,S,environmental,18S,3,4/17/06 14:46,10706,1.0,11.0,C1,0.0,36.795,-121.849,Francisco Chavez,MBARI,MBTS,,POINT LOBOS,ship,CTD/SBE911 Rosette with Niskin bottle,USA:California:Monterey Bay,0.2641,1.701,24.3889,1.713,,4.1266,,32.4097,12.9898,Poretics,0.22um,marine biome  (ENVO:00000447),coastal water (ENVO:00001250),waterborne particulate matter (ENVO:01000436),,,,,,,,20170124,unknown,standard EMP 18S V9,2000ml,,dx.doi.org/10.17504/protocols.io.xjufknw,dx.doi.org/10.17504/protocols.io.n2vdge6,-80C,dx.doi.org/10.17504/protocols.io.xjufknw|dx.doi.org/10.17504/protocols.io.n2vdge6|https://github.com/MBARI-BOG/BOG-Banzai-Dada2-Pipeline,1391f,EukBr,"Amaral-Zettler LA, McCliment EA, Ducklow HW, Huse SM. A method for studying protistan diversity using massively parallel sequencing of V9 hypervariable regions of small-subunit ribosomal RNA genes. PloS one. 2009 Jul 27;4(7):e6372.",NGS Illumina Miseq,Stanford,JD10706C1_0m_3_S,Genbank nr Release 221 September 20 2017,"https://github.com/MBARI-BOG/BOG-Banzai-Dada2-Pipeline| Djurhuus A, Closek CJ, Kelly RP, Pitz KJ, Michisaki RP, Starks HA, Walz KR, Andruszkiewicz EA, Olesin E, Hubbard K, Montes E. Environmental DNA reveals seasonal shifts and potential interactions in a marine community. Nature communications. 2020 Jan 14;11(1):1-9.",JD10706C1_0m,NCBI BioProject accession number PRJNA433203
JD15806C1_0m_1,S54,CAAACAACAGCT,GTACACACCGCCCGTC,TGATCCTTCTGCAGGTTCACCTAC,JD15806C1_0m_1_S54_L001_R1_001.fastq.gz,JD15806C1_0m_1_S54_L001_R2_001.fastq.gz,S,environmental,18S,1,6/7/06 14:38,15806,1.0,11.0,C1,0.0,36.796,-121.847,Francisco Chavez,MBARI,MBTS,,POINT LOBOS,ship,CTD/SBE911 Rosette with Niskin bottle,USA:California:Monterey Bay,1.1915,1.439,25.6941,1.449,3.589,17.296,6.7677,33.7759,11.703,Poretics,0.22um,marine biome  (ENVO:00000447),coastal water (ENVO:00001250),waterborne particulate matter (ENVO:01000436),,,,,,,,20170124,unknown,standard EMP 18S V9,1200ml,,dx.doi.org/10.17504/protocols.io.xjufknw,dx.doi.org/10.17504/protocols.io.n2vdge6,-80C,dx.doi.org/10.17504/protocols.io.xjufknw|dx.doi.org/10.17504/protocols.io.n2vdge6|https://github.com/MBARI-BOG/BOG-Banzai-Dada2-Pipeline,1391f,EukBr,"Amaral-Zettler LA, McCliment EA, Ducklow HW, Huse SM. A method for studying protistan diversity using massively parallel sequencing of V9 hypervariable regions of small-subunit ribosomal RNA genes. PloS one. 2009 Jul 27;4(7):e6372.",NGS Illumina Miseq,Stanford,JD15806C1_0m_1_S,Genbank nr Release 221 September 20 2017,"https://github.com/MBARI-BOG/BOG-Banzai-Dada2-Pipeline| Djurhuus A, Closek CJ, Kelly RP, Pitz KJ, Michisaki RP, Starks HA, Walz KR, Andruszkiewicz EA, Olesin E, Hubbard K, Montes E. Environmental DNA reveals seasonal shifts and potential interactions in a marine community. Nature communications. 2020 Jan 14;11(1):1-9.",JD15806C1_0m,NCBI BioProject accession number PRJNA433203
JD15806C1_0m_2,S55,TACGAGCCCTAA,GTACACACCGCCCGTC,TGATCCTTCTGCAGGTTCACCTAC,JD15806C1_0m_2_S55_L001_R1_001.fastq.gz,JD15806C1_0m_2_S55_L001_R2_001.fastq.gz,S,environmental,18S,2,6/7/06 14:38,15806,1.0,11.0,C1,0.0,36.796,-121.847,Francisco Chavez,MBARI,MBTS,,POINT LOBOS,ship,CTD/SBE911 Rosette with Niskin bottle,USA:California:Monterey Bay,1.1915,1.439,25.6941,1.449,3.589,17.296,6.7677,33.7759,11.703,Poretics,0.22um,marine biome  (ENVO:00000447),coastal water (ENVO:00001250),waterborne particulate matter (ENVO:01000436),,,,,,,,20170124,unknown,standard EMP 18S V9,1200ml,,dx.doi.org/10.17504/protocols.io.xjufknw,dx.doi.org/10.17504/protocols.io.n2vdge6,-80C,dx.doi.org/10.17504/protocols.io.xjufknw|dx.doi.org/10.17504/protocols.io.n2vdge6|https://github.com/MBARI-BOG/BOG-Banzai-Dada2-Pipeline,1391f,EukBr,"Amaral-Zettler LA, McCliment EA, Ducklow HW, Huse SM. A method for studying protistan diversity using massively parallel sequencing of V9 hypervariable regions of small-subunit ribosomal RNA genes. PloS one. 2009 Jul 27;4(7):e6372.",NGS Illumina Miseq,Stanford,JD15806C1_0m_2_S,Genbank nr Release 221 September 20 2017,"https://github.com/MBARI-BOG/BOG-Banzai-Dada2-Pipeline| Djurhuus A, Closek CJ, Kelly RP, Pitz KJ, Michisaki RP, Starks HA, Walz KR, Andruszkiewicz EA, Olesin E, Hubbard K, Montes E. Environmental DNA reveals seasonal shifts and potential interactions in a marine community. Nature communications. 2020 Jan 14;11(1):1-9.",JD15806C1_0m,NCBI BioProject accession number PRJNA433203
JD15806C1_0m_3,S56,CATTCGTGGCGT,GTACACACCGCCCGTC,TGATCCTTCTGCAGGTTCACCTAC,JD15806C1_0m_3_S56_L001_R1_001.fastq.gz,JD15806C1_0m_3_S56_L001_R2_001.fastq.gz,S,environmental,18S,3,6/7/06 14:38,15806,1.0,11.0,C1,0.0,36.796,-121.847,Francisco Chavez,MBARI,MBTS,,POINT LOBOS,ship,CTD/SBE911 Rosette with Niskin bottle,USA:California:Monterey Bay,1.1915,1.439,25.6941,1.449,3.589,17.296,6.7677,33.7759,11.703,Poretics,0.22um,marine biome  (ENVO:00000447),coastal water (ENVO:00001250),waterborne particulate matter (ENVO:01000436),,,,,,,,20170124,unknown,standard EMP 18S V9,1200ml,,dx.doi.org/10.17504/protocols.io.xjufknw,dx.doi.org/10.17504/protocols.io.n2vdge6,-80C,dx.doi.org/10.17504/protocols.io.xjufknw|dx.doi.org/10.17504/protocols.io.n2vdge6|https://github.com/MBARI-BOG/BOG-Banzai-Dada2-Pipeline,1391f,EukBr,"Amaral-Zettler LA, McCliment EA, Ducklow HW, Huse SM. A method for studying protistan diversity using massively parallel sequencing of V9 hypervariable regions of small-subunit ribosomal RNA genes. PloS one. 2009 Jul 27;4(7):e6372.",NGS Illumina Miseq,Stanford,JD15806C1_0m_3_S,Genbank nr Release 221 September 20 2017,"https://github.com/MBARI-BOG/BOG-Banzai-Dada2-Pipeline| Djurhuus A, Closek CJ, Kelly RP, Pitz KJ, Michisaki RP, Starks HA, Walz KR, Andruszkiewicz EA, Olesin E, Hubbard K, Montes E. Environmental DNA reveals seasonal shifts and potential interactions in a marine community. Nature communications. 2020 Jan 14;11(1):1-9.",JD15806C1_0m,NCBI BioProject accession number PRJNA433203
JD27006C1_0m_1,S57,ACAATAGACACC,GTACACACCGCCCGTC,TGATCCTTCTGCAGGTTCACCTAC,JD27006C1_0m_1_S57_L001_R1_001.fastq.gz,JD27006C1_0m_1_S57_L001_R2_001.fastq.gz,S,environmental,18S,1,9/27/06 14:36,27006,1.0,11.0,C1,0.0,36.797,-121.847,Francisco Chavez,MBARI,MBTS,,POINT LOBOS,ship,CTD/SBE911 Rosette with Niskin bottle,USA:California:Monterey Bay,0.4054,1.197,25.0016,1.206,2.519,5.8943,5.8423,33.5075,14.1549,Poretics,0.22um,marine biome  (ENVO:00000447),coastal water (ENVO:00001250),waterborne particulate matter (ENVO:01000436),,,,,,,,20170124,unknown,standard EMP 18S V9,1374ml,,dx.doi.org/10.17504/protocols.io.xjufknw,dx.doi.org/10.17504/protocols.io.n2vdge6,-80C,dx.doi.org/10.17504/protocols.io.xjufknw|dx.doi.org/10.17504/protocols.io.n2vdge6|https://github.com/MBARI-BOG/BOG-Banzai-Dada2-Pipeline,1391f,EukBr,"Amaral-Zettler LA, McCliment EA, Ducklow HW, Huse SM. A method for studying protistan diversity using massively parallel sequencing of V9 hypervariable regions of small-subunit ribosomal RNA genes. PloS one. 2009 Jul 27;4(7):e6372.",NGS Illumina Miseq,Stanford,JD27006C1_0m_1_S,Genbank nr Release 221 September 20 2017,"https://github.com/MBARI-BOG/BOG-Banzai-Dada2-Pipeline| Djurhuus A, Closek CJ, Kelly RP, Pitz KJ, Michisaki RP, Starks HA, Walz KR, Andruszkiewicz EA, Olesin E, Hubbard K, Montes E. Environmental DNA reveals seasonal shifts and potential interactions in a marine community. Nature communications. 2020 Jan 14;11(1):1-9.",JD27006C1_0m,NCBI BioProject accession number PRJNA433203
JD27006C1_0m_2,S58,CGTAATTGCCGC,GTACACACCGCCCGTC,TGATCCTTCTGCAGGTTCACCTAC,JD27006C1_0m_2_S58_L001_R1_001.fastq.gz,JD27006C1_0m_2_S58_L001_R2_001.fastq.gz,S,environmental,18S,2,9/27/06 14:36,27006,1.0,11.0,C1,0.0,36.797,-121.847,Francisco Chavez,MBARI,MBTS,,POINT LOBOS,ship,CTD/SBE911 Rosette with Niskin bottle,USA:California:Monterey Bay,0.4054,1.197,25.0016,1.206,2.519,5.8943,5.8423,33.5075,14.1549,Poretics,0.22um,marine biome  (ENVO:00000447),coastal water (ENVO:00001250),waterborne particulate matter (ENVO:01000436),,,,,,,,20170124,unknown,standard EMP 18S V9,1374ml,,dx.doi.org/10.17504/protocols.io.xjufknw,dx.doi.org/10.17504/protocols.io.n2vdge6,-80C,dx.doi.org/10.17504/protocols.io.xjufknw|dx.doi.org/10.17504/protocols.io.n2vdge6|https://github.com/MBARI-BOG/BOG-Banzai-Dada2-Pipeline,1391f,EukBr,"Amaral-Zettler LA, McCliment EA, Ducklow HW, Huse SM. A method for studying protistan diversity using massively parallel sequencing of V9 hypervariable regions of small-subunit ribosomal RNA genes. PloS one. 2009 Jul 27;4(7):e6372.",NGS Illumina Miseq,Stanford,JD27006C1_0m_2_S,Genbank nr Release 221 September 20 2017,"https://github.com/MBARI-BOG/BOG-Banzai-Dada2-Pipeline| Djurhuus A, Closek CJ, Kelly RP, Pitz KJ, Michisaki RP, Starks HA, Walz KR, Andruszkiewicz EA, Olesin E, Hubbard K, Montes E. Environmental DNA reveals seasonal shifts and potential interactions in a marine community. Nature communications. 2020 Jan 14;11(1):1-9.",JD27006C1_0m,NCBI BioProject accession number PRJNA433203
JD27006C1_0m_3,S59,GTTCTCTTCTCG,GTACACACCGCCCGTC,TGATCCTTCTGCAGGTTCACCTAC,JD27006C1_0m_3_S59_L001_R1_001.fastq.gz,JD27006C1_0m_3_S59_L001_R2_001.fastq.gz,S,environmental,18S,3,9/27/06 14:36,27006,1.0,11.0,C1,0.0,36.797,-121.847,Francisco Chavez,MBARI,MBTS,,POINT LOBOS,ship,CTD/SBE911 Rosette with Niskin bottle,USA:California:Monterey Bay,0.4054,1.197,25.0016,1.206,2.519,5.8943,5.8423,33.5075,14.1549,Poretics,0.22um,marine biome  (ENVO:00000447),coastal water (ENVO:00001250),waterborne particulate matter (ENVO:01000436),,,,,,,,20170124,unknown,standard EMP 18S V9,1374ml,,dx.doi.org/10.17504/protocols.io.xjufknw,dx.doi.org/10.17504/protocols.io.n2vdge6,-80C,dx.doi.org/10.17504/protocols.io.xjufknw|dx.doi.org/10.17504/protocols.io.n2vdge6|https://github.com/MBARI-BOG/BOG-Banzai-Dada2-Pipeline,1391f,EukBr,"Amaral-Zettler LA, McCliment EA, Ducklow HW, Huse SM. A method for studying protistan diversity using massively parallel sequencing of V9 hypervariable regions of small-subunit ribosomal RNA genes. PloS one. 2009 Jul 27;4(7):e6372.",NGS Illumina Miseq,Stanford,JD27006C1_0m_3_S,Genbank nr Release 221 September 20 2017,"https://github.com/MBARI-BOG/BOG-Banzai-Dada2-Pipeline| Djurhuus A, Closek CJ, Kelly RP, Pitz KJ, Michisaki RP, Starks HA, Walz KR, Andruszkiewicz EA, Olesin E, Hubbard K, Montes E. Environmental DNA reveals seasonal shifts and potential interactions in a marine community. Nature communications. 2020 Jan 14;11(1):1-9.",JD27006C1_0m,NCBI BioProject accession number PRJNA433203
JD33306C1_0m_1,S60,AATTGTGTCGGA,GTACACACCGCCCGTC,TGATCCTTCTGCAGGTTCACCTAC,JD33306C1_0m_1_S60_L001_R1_001.fastq.gz,JD33306C1_0m_1_S60_L001_R2_001.fastq.gz,S,environmental,18S,1,11/29/06 15:38,33306,1.0,11.0,C1,0.0,36.796,-121.847,Francisco Chavez,MBARI,MBTS,,POINT LOBOS,ship,CTD/SBE911 Rosette with Niskin bottle,USA:California:Monterey Bay,0.5808,1.617,25.2687,1.629,5.298,7.6562,5.2074,33.4173,12.4792,Poretics,0.22um,marine biome  (ENVO:00000447),coastal water (ENVO:00001250),waterborne particulate matter (ENVO:01000436),,,,,,,,20170124,unknown,standard EMP 18S V9,1650ml,,dx.doi.org/10.17504/protocols.io.xjufknw,dx.doi.org/10.17504/protocols.io.n2vdge6,-80C,dx.doi.org/10.17504/protocols.io.xjufknw|dx.doi.org/10.17504/protocols.io.n2vdge6|https://github.com/MBARI-BOG/BOG-Banzai-Dada2-Pipeline,1391f,EukBr,"Amaral-Zettler LA, McCliment EA, Ducklow HW, Huse SM. A method for studying protistan diversity using massively parallel sequencing of V9 hypervariable regions of small-subunit ribosomal RNA genes. PloS one. 2009 Jul 27;4(7):e6372.",NGS Illumina Miseq,Stanford,JD33306C1_0m_1_S,Genbank nr Release 221 September 20 2017,"https://github.com/MBARI-BOG/BOG-Banzai-Dada2-Pipeline| Djurhuus A, Closek CJ, Kelly RP, Pitz KJ, Michisaki RP, Starks HA, Walz KR, Andruszkiewicz EA, Olesin E, Hubbard K, Montes E. Environmental DNA reveals seasonal shifts and potential interactions in a marine community. Nature communications. 2020 Jan 14;11(1):1-9.",JD33306C1_0m,NCBI BioProject accession number PRJNA433203
JD33306C1_0m_2,S61,GCAACACCATCC,GTACACACCGCCCGTC,TGATCCTTCTGCAGGTTCACCTAC,JD33306C1_0m_2_S61_L001_R1_001.fastq.gz,JD33306C1_0m_2_S61_L001_R2_001.fastq.gz,S,environmental,18S,2,11/29/06 15:38,33306,1.0,11.0,C1,0.0,36.796,-121.847,Francisco Chavez,MBARI,MBTS,,POINT LOBOS,ship,CTD/SBE911 Rosette with Niskin bottle,USA:California:Monterey Bay,0.5808,1.617,25.2687,1.629,5.298,7.6562,5.2074,33.4173,12.4792,Poretics,0.22um,marine biome  (ENVO:00000447),coastal water (ENVO:00001250),waterborne particulate matter (ENVO:01000436),,,,,,,,20170124,unknown,standard EMP 18S V9,1650ml,,dx.doi.org/10.17504/protocols.io.xjufknw,dx.doi.org/10.17504/protocols.io.n2vdge6,-80C,dx.doi.org/10.17504/protocols.io.xjufknw|dx.doi.org/10.17504/protocols.io.n2vdge6|https://github.com/MBARI-BOG/BOG-Banzai-Dada2-Pipeline,1391f,EukBr,"Amaral-Zettler LA, McCliment EA, Ducklow HW, Huse SM. A method for studying protistan diversity using massively parallel sequencing of V9 hypervariable regions of small-subunit ribosomal RNA genes. PloS one. 2009 Jul 27;4(7):e6372.",NGS Illumina Miseq,Stanford,JD33306C1_0m_2_S,Genbank nr Release 221 September 20 2017,"https://github.com/MBARI-BOG/BOG-Banzai-Dada2-Pipeline| Djurhuus A, Closek CJ, Kelly RP, Pitz KJ, Michisaki RP, Starks HA, Walz KR, Andruszkiewicz EA, Olesin E, Hubbard K, Montes E. Environmental DNA reveals seasonal shifts and potential interactions in a marine community. Nature communications. 2020 Jan 14;11(1):1-9.",JD33306C1_0m,NCBI BioProject accession number PRJNA433203
JD33306C1_0m_3,S62,CACTACGCTAGA,GTACACACCGCCCGTC,TGATCCTTCTGCAGGTTCACCTAC,JD33306C1_0m_3_S62_L001_R1_001.fastq.gz,JD33306C1_0m_3_S62_L001_R2_001.fastq.gz,S,environmental,18S,3,11/29/06 15:38,33306,1.0,11.0,C1,0.0,36.796,-121.847,Francisco Chavez,MBARI,MBTS,,POINT LOBOS,ship,CTD/SBE911 Rosette with Niskin bottle,USA:California:Monterey Bay,0.5808,1.617,25.2687,1.629,5.298,7.6562,5.2074,33.4173,12.4792,Poretics,0.22um,marine biome  (ENVO:00000447),coastal water (ENVO:00001250),waterborne particulate matter (ENVO:01000436),,,,,,,,20170124,unknown,standard EMP 18S V9,1650ml,,dx.doi.org/10.17504/protocols.io.xjufknw,dx.doi.org/10.17504/protocols.io.n2vdge6,-80C,dx.doi.org/10.17504/protocols.io.xjufknw|dx.doi.org/10.17504/protocols.io.n2vdge6|https://github.com/MBARI-BOG/BOG-Banzai-Dada2-Pipeline,1391f,EukBr,"Amaral-Zettler LA, McCliment EA, Ducklow HW, Huse SM. A method for studying protistan diversity using massively parallel sequencing of V9 hypervariable regions of small-subunit ribosomal RNA genes. PloS one. 2009 Jul 27;4(7):e6372.",NGS Illumina Miseq,Stanford,JD33306C1_0m_3_S,Genbank nr Release 221 September 20 2017,"https://github.com/MBARI-BOG/BOG-Banzai-Dada2-Pipeline| Djurhuus A, Closek CJ, Kelly RP, Pitz KJ, Michisaki RP, Starks HA, Walz KR, Andruszkiewicz EA, Olesin E, Hubbard K, Montes E. Environmental DNA reveals seasonal shifts and potential interactions in a marine community. Nature communications. 2020 Jan 14;11(1):1-9.",JD33306C1_0m,NCBI BioProject accession number PRJNA433203
